,Player,Pos,G,MP,FG,FGA,FG%,3P,3PA,3P%,2P,2PA,2P%,eFG%,FT,FTA,FT%,ORB,DRB,TRB,AST,STL,BLK,TOV,PF,PTS
0,Precious Achiuwa,C,73,23.6,3.6,8.3,0.439,0.8,2.1,0.359,2.9,6.1,0.468,0.486,1.1,1.8,0.595,2.0,4.5,6.5,1.1,0.5,0.6,1.2,2.1,9.1
1,Steven Adams,C,76,26.3,2.8,5.1,0.547,0.0,0.0,0.0,2.8,5.0,0.548,0.547,1.4,2.6,0.543,4.6,5.4,10.0,3.4,0.9,0.8,1.5,2.0,6.9
2,Bam Adebayo,C,56,32.6,7.3,13.0,0.557,0.0,0.1,0.0,7.3,12.9,0.562,0.557,4.6,6.1,0.753,2.4,7.6,10.1,3.4,1.4,0.8,2.6,3.1,19.1
3,Santi Aldama,PF,32,11.3,1.7,4.1,0.402,0.2,1.5,0.125,1.5,2.6,0.56,0.424,0.6,1.0,0.625,1.0,1.7,2.7,0.7,0.2,0.3,0.5,1.1,4.1
4,LaMarcus Aldridge,C,47,22.3,5.4,9.7,0.55,0.3,1.0,0.304,5.1,8.8,0.578,0.566,1.9,2.2,0.873,1.6,3.9,5.5,0.9,0.3,1.0,0.9,1.7,12.9
5,Nickeil Alexander-Walker,SG,65,22.6,3.9,10.5,0.372,1.6,5.2,0.311,2.3,5.3,0.433,0.449,1.2,1.7,0.743,0.6,2.3,2.9,2.4,0.7,0.4,1.4,1.6,10.6
8,Grayson Allen,SG,66,27.3,3.9,8.6,0.448,2.4,5.9,0.409,1.5,2.7,0.533,0.588,1.0,1.1,0.865,0.5,2.9,3.4,1.5,0.7,0.3,0.7,1.5,11.1
9,Jarrett Allen,C,56,32.3,6.6,9.7,0.677,0.0,0.2,0.1,6.6,9.6,0.688,0.678,2.9,4.2,0.708,3.4,7.3,10.8,1.6,0.8,1.3,1.7,1.7,16.1
10,Jose Alvarado,PG,54,15.4,2.4,5.4,0.446,0.6,2.0,0.291,1.8,3.4,0.538,0.5,0.7,1.0,0.679,0.5,1.4,1.9,2.8,1.3,0.1,0.7,1.4,6.1
11,Justin Anderson,SF,16,19.8,2.3,5.9,0.379,0.9,3.7,0.254,1.3,2.3,0.583,0.458,0.9,1.2,0.789,0.3,2.6,2.9,2.1,0.5,0.4,0.5,1.4,6.4
14,Kyle Anderson,PF,69,21.5,3.0,6.8,0.446,0.5,1.6,0.33,2.5,5.2,0.481,0.484,1.0,1.5,0.638,1.0,4.3,5.3,2.7,1.1,0.7,1.0,1.6,7.6
15,Giannis Antetokounmpo,PF,67,32.9,10.3,18.6,0.553,1.1,3.6,0.293,9.2,15.0,0.616,0.582,8.3,11.4,0.722,2.0,9.6,11.6,5.8,1.1,1.4,3.3,3.2,29.9
16,Thanasis Antetokounmpo,SF,48,9.9,1.5,2.7,0.547,0.0,0.3,0.143,1.4,2.4,0.596,0.555,0.6,1.0,0.63,0.8,1.3,2.1,0.5,0.3,0.3,0.5,1.4,3.6
17,Carmelo Anthony,PF,69,26.0,4.6,10.5,0.441,2.2,5.8,0.375,2.5,4.7,0.521,0.544,1.9,2.3,0.83,0.9,3.3,4.2,1.0,0.7,0.8,0.9,2.4,13.3
18,Cole Anthony,PG,65,31.7,5.5,14.0,0.391,2.0,6.0,0.338,3.5,8.0,0.432,0.464,3.3,3.9,0.854,0.5,4.9,5.4,5.7,0.7,0.3,2.6,2.6,16.3
19,OG Anunoby,SF,48,36.0,6.4,14.5,0.443,2.4,6.6,0.363,4.0,7.9,0.511,0.526,1.9,2.5,0.754,1.5,4.0,5.5,2.6,1.5,0.5,1.7,2.7,17.1
20,Ryan Arcidiacono,PG,10,7.6,0.6,1.2,0.5,0.4,0.9,0.444,0.2,0.3,0.667,0.667,0.0,0.0,0.0,0.0,0.8,0.8,0.4,0.1,0.0,0.3,0.5,1.6
21,Trevor Ariza,SF,24,19.3,1.4,4.1,0.333,0.8,3.1,0.27,0.5,1.0,0.52,0.434,0.4,0.8,0.556,0.4,3.0,3.4,1.1,0.5,0.3,0.5,0.8,4.0
22,D.J. Augustin,PG,55,16.1,1.7,4.0,0.423,1.2,3.0,0.415,0.5,1.1,0.448,0.577,0.7,0.8,0.884,0.2,1.0,1.2,1.9,0.3,0.0,1.0,0.7,5.3
25,Deni Avdija,SF,82,24.2,3.0,7.1,0.432,1.0,3.2,0.317,2.0,3.9,0.525,0.503,1.3,1.7,0.757,0.6,4.5,5.2,2.0,0.7,0.5,1.1,2.3,8.4
27,Deandre Ayton,C,58,29.5,7.6,12.0,0.634,0.1,0.3,0.368,7.5,11.7,0.642,0.639,1.8,2.4,0.746,2.6,7.7,10.2,1.4,0.7,0.7,1.6,2.4,17.2
28,Udoka Azubuike,C,17,11.5,2.2,2.9,0.755,0.0,0.0,0.0,2.2,2.9,0.755,0.755,0.4,0.6,0.545,1.1,3.1,4.2,0.0,0.1,0.6,0.7,1.5,4.7
29,Marvin Bagley III,PF,48,23.9,4.7,9.3,0.504,0.5,2.0,0.237,4.2,7.3,0.579,0.53,1.4,2.1,0.663,2.2,4.9,7.0,0.8,0.5,0.4,0.8,1.9,11.3
32,LaMelo Ball,PG,75,32.3,7.2,16.7,0.429,2.9,7.5,0.389,4.2,9.2,0.462,0.517,2.8,3.2,0.872,1.4,5.2,6.7,7.6,1.6,0.4,3.3,3.2,20.1
33,Lonzo Ball,PG,35,34.6,4.6,10.9,0.423,3.1,7.4,0.423,1.5,3.5,0.423,0.567,0.6,0.8,0.75,1.0,4.4,5.4,5.1,1.8,0.9,2.3,2.4,13.0
34,Mo Bamba,C,71,25.7,4.2,8.7,0.48,1.5,4.0,0.381,2.7,4.7,0.563,0.566,0.8,1.0,0.781,2.1,6.0,8.1,1.2,0.5,1.7,1.1,2.6,10.6
35,Desmond Bane,SF,76,29.8,6.7,14.5,0.461,3.0,6.9,0.436,3.7,7.6,0.484,0.565,1.8,2.0,0.903,0.6,3.8,4.4,2.7,1.2,0.4,1.5,2.6,18.2
36,Dalano Banton,SF,64,10.9,1.3,3.2,0.411,0.2,0.8,0.255,1.1,2.4,0.464,0.443,0.4,0.7,0.591,0.6,1.3,1.9,1.5,0.4,0.2,0.8,1.1,3.2
38,Harrison Barnes,PF,77,33.6,5.1,10.8,0.469,1.8,4.7,0.394,3.2,6.2,0.525,0.554,4.4,5.4,0.826,1.1,4.5,5.6,2.4,0.7,0.2,1.5,1.2,16.4
39,Scottie Barnes,PF,74,35.4,6.2,12.6,0.492,0.8,2.6,0.301,5.4,10.0,0.543,0.524,2.1,2.9,0.735,2.6,4.9,7.5,3.5,1.1,0.7,1.8,2.6,15.3
40,RJ Barrett,SF,70,34.5,7.0,17.1,0.408,2.0,5.8,0.342,5.0,11.3,0.442,0.466,4.1,5.8,0.714,0.9,4.9,5.8,3.0,0.6,0.2,2.2,2.0,20.0
41,Will Barton,SG,71,32.1,5.5,12.6,0.438,2.2,6.1,0.365,3.3,6.6,0.504,0.525,1.4,1.8,0.803,0.6,4.2,4.8,3.9,0.8,0.4,1.8,1.6,14.7
43,Charles Bassey,PF,23,7.3,1.3,2.0,0.638,0.0,0.2,0.0,1.3,1.9,0.698,0.638,0.4,0.5,0.75,1.0,1.7,2.7,0.3,0.2,0.7,0.3,1.4,3.0
44,Keita Bates-Diop,SF,59,16.2,2.3,4.5,0.517,0.3,0.9,0.309,2.0,3.5,0.572,0.549,0.8,1.0,0.754,1.1,2.9,3.9,0.7,0.5,0.2,0.8,1.0,5.7
45,Nicolas Batum,PF,59,24.8,3.0,6.6,0.463,1.8,4.6,0.4,1.2,2.0,0.607,0.602,0.4,0.6,0.658,0.5,3.8,4.3,1.7,1.0,0.7,0.7,1.4,8.3
46,Kent Bazemore,SF,39,14.0,1.2,3.6,0.324,0.7,2.1,0.363,0.4,1.5,0.271,0.428,0.3,0.4,0.765,0.3,1.4,1.8,0.9,0.6,0.2,0.5,1.8,3.4
47,Darius Bazley,PF,69,27.9,4.0,9.4,0.422,1.2,3.9,0.297,2.8,5.5,0.511,0.484,1.7,2.5,0.688,1.0,5.3,6.3,1.4,0.8,1.0,1.3,1.0,10.8
48,Bradley Beal,SG,40,36.0,8.7,19.3,0.451,1.6,5.3,0.3,7.1,14.0,0.508,0.492,4.2,5.1,0.833,1.0,3.8,4.7,6.6,0.9,0.4,3.4,2.4,23.2
49,Malik Beasley,SG,79,25.0,4.2,10.8,0.391,3.0,8.1,0.377,1.2,2.7,0.432,0.532,0.6,0.8,0.817,0.3,2.5,2.9,1.5,0.5,0.2,0.5,1.1,12.1
51,DeAndre' Bembry,SF,56,18.3,2.2,3.9,0.561,0.3,0.6,0.417,1.9,3.3,0.589,0.595,0.4,0.6,0.6,0.8,2.2,2.9,1.2,0.9,0.4,0.6,2.0,5.1
54,D?vis Bert?ns,PF,56,14.4,1.8,4.9,0.36,1.4,4.1,0.335,0.4,0.8,0.489,0.5,0.6,0.7,0.9,0.2,1.9,2.1,0.6,0.3,0.2,0.3,1.5,5.6
57,Patrick Beverley,PG,58,25.4,3.1,7.5,0.406,1.4,4.2,0.343,1.6,3.3,0.485,0.501,1.7,2.3,0.722,1.1,3.1,4.1,4.6,1.2,0.9,1.3,3.0,9.2
58,Saddiq Bey,SF,82,33.0,5.5,13.9,0.396,2.6,7.4,0.346,2.9,6.4,0.454,0.489,2.6,3.1,0.827,1.3,4.1,5.4,2.8,0.9,0.2,1.2,1.6,16.1
59,Khem Birch,C,55,18.0,1.8,3.6,0.485,0.0,0.3,0.0,1.8,3.4,0.522,0.485,1.0,1.3,0.746,2.2,2.1,4.3,1.0,0.5,0.5,0.5,1.9,4.5
60,Goga Bitadze,C,50,14.6,2.6,5.0,0.52,0.5,1.6,0.288,2.2,3.4,0.628,0.565,1.3,1.9,0.681,1.6,2.0,3.5,1.1,0.4,0.8,0.9,2.1,7.0
61,Bismack Biyombo,C,36,14.1,2.4,4.0,0.593,0.0,0.0,0.0,2.4,4.0,0.593,0.593,1.1,2.0,0.535,1.8,2.9,4.6,0.6,0.3,0.7,0.7,1.9,5.8
62,Nemanja Bjelica,C,71,16.1,2.3,4.8,0.468,0.8,2.1,0.362,1.5,2.7,0.549,0.547,0.8,1.1,0.728,0.9,3.3,4.1,2.2,0.6,0.4,1.2,1.8,6.1
63,Eric Bledsoe,PG,54,25.2,3.6,8.7,0.421,0.9,3.0,0.313,2.7,5.6,0.479,0.475,1.6,2.2,0.761,0.5,2.9,3.4,4.2,1.3,0.4,2.1,1.6,9.9
64,Keljin Blevins,SF,31,11.3,1.1,3.6,0.306,0.7,2.3,0.292,0.4,1.3,0.333,0.401,0.2,0.4,0.545,0.5,0.9,1.5,0.6,0.4,0.0,0.5,0.9,3.1
65,Bogdan Bogdanovi?,SG,63,29.3,5.4,12.6,0.431,2.7,7.3,0.368,2.7,5.3,0.516,0.537,1.5,1.8,0.843,0.5,3.5,4.0,3.1,1.1,0.2,1.1,2.1,15.1
66,Bojan Bogdanovi?,PF,69,30.9,6.1,13.4,0.455,2.6,6.8,0.387,3.5,6.7,0.524,0.552,3.2,3.8,0.858,0.8,3.4,4.3,1.7,0.5,0.0,1.7,1.7,18.1
67,Bol Bol,PF,14,5.8,1.1,1.9,0.556,0.1,0.3,0.25,1.0,1.6,0.609,0.574,0.1,0.4,0.4,0.3,1.1,1.4,0.4,0.1,0.1,0.3,0.3,2.4
68,Leandro Bolmaro,SF,35,6.9,0.5,1.5,0.315,0.1,0.5,0.278,0.3,1.0,0.333,0.361,0.3,0.4,0.846,0.5,0.8,1.2,0.6,0.2,0.0,0.4,0.7,1.4
69,Isaac Bonga,SF,15,4.6,0.2,0.9,0.231,0.1,0.3,0.25,0.1,0.6,0.222,0.269,0.3,0.5,0.625,0.3,0.2,0.5,0.3,0.5,0.1,0.1,0.7,0.8
70,Devin Booker,SG,68,34.5,9.7,20.9,0.466,2.7,7.0,0.383,7.0,13.9,0.508,0.53,4.6,5.3,0.868,0.7,4.4,5.0,4.8,1.1,0.4,2.4,2.6,26.8
71,Brandon Boston Jr.,SG,51,14.9,2.5,6.4,0.385,0.7,2.2,0.306,1.8,4.2,0.425,0.437,1.2,1.4,0.819,0.3,1.8,2.2,1.0,0.5,0.3,0.6,0.8,6.7
72,Chris Boucher,PF,80,21.1,3.4,7.2,0.464,0.9,2.9,0.297,2.5,4.4,0.575,0.523,1.9,2.4,0.777,2.2,3.9,6.2,0.3,0.6,0.9,0.5,2.2,9.4
73,James Bouknight,SG,31,9.8,1.6,4.5,0.348,0.5,1.6,0.347,1.0,3.0,0.348,0.408,0.9,1.0,0.871,0.7,1.0,1.7,0.8,0.2,0.0,0.5,0.9,4.6
74,Avery Bradley,SG,62,22.7,2.4,5.6,0.423,1.3,3.4,0.39,1.1,2.3,0.471,0.54,0.3,0.3,0.889,0.5,1.7,2.2,0.8,0.9,0.1,0.6,1.9,6.4
75,Tony Bradley,C,55,10.0,1.3,2.2,0.585,0.0,0.0,0.0,1.3,2.2,0.585,0.585,0.3,0.5,0.655,1.2,2.2,3.4,0.5,0.2,0.6,0.6,1.1,3.0
76,Ignas Brazdeikis,SF,42,12.8,1.9,4.5,0.431,0.6,2.1,0.31,1.3,2.4,0.535,0.503,0.5,0.8,0.656,0.5,1.2,1.7,0.9,0.2,0.1,0.4,1.1,5.0
77,Mikal Bridges,SF,82,34.8,5.6,10.5,0.534,1.4,3.8,0.369,4.2,6.7,0.628,0.601,1.6,1.9,0.834,0.9,3.3,4.2,2.3,1.2,0.4,0.8,1.8,14.2
78,Miles Bridges,PF,80,35.5,7.5,15.2,0.491,1.9,5.8,0.331,5.5,9.4,0.59,0.554,3.3,4.2,0.802,1.1,5.9,7.0,3.8,0.9,0.8,1.9,2.4,20.2
79,Oshae Brissett,SF,67,23.3,3.1,7.6,0.411,1.2,3.5,0.35,1.9,4.0,0.465,0.493,1.7,2.4,0.695,1.6,3.7,5.3,1.1,0.7,0.4,0.8,1.7,9.1
80,Malcolm Brogdon,PG,36,33.5,6.8,15.1,0.448,1.6,5.2,0.312,5.1,9.9,0.518,0.501,4.0,4.6,0.856,0.9,4.2,5.1,5.9,0.8,0.4,2.1,2.0,19.1
81,Armoni Brooks,SG-PG,54,15.6,1.8,5.4,0.339,1.4,4.6,0.297,0.4,0.7,0.6,0.467,0.3,0.4,0.857,0.4,1.5,1.9,1.1,0.5,0.2,0.5,1.4,5.3
84,Dillon Brooks,SF,32,27.7,7.1,16.4,0.432,1.4,4.7,0.309,5.7,11.8,0.48,0.475,2.8,3.3,0.849,0.9,2.3,3.2,2.8,1.1,0.3,1.6,3.3,18.4
85,Bruce Brown,SF,72,24.6,3.6,7.0,0.506,0.5,1.3,0.404,3.0,5.7,0.529,0.543,1.3,1.8,0.758,1.4,3.4,4.8,2.1,1.1,0.7,0.8,2.4,9.0
86,Charlie Brown Jr.,SG,22,8.0,0.5,1.8,0.256,0.0,0.5,0.083,0.4,1.2,0.333,0.269,0.4,0.5,0.9,0.6,0.8,1.5,0.3,0.5,0.2,0.2,0.8,1.4
92,Greg Brown III,SF,48,13.3,1.7,4.0,0.426,0.4,1.3,0.311,1.3,2.7,0.481,0.476,0.9,1.4,0.677,0.8,2.0,2.8,0.7,0.5,0.5,0.8,1.9,4.7
93,Jaylen Brown,SF,66,33.6,8.7,18.4,0.473,2.5,7.0,0.358,6.2,11.4,0.544,0.541,3.7,4.8,0.758,0.8,5.3,6.1,3.5,1.1,0.3,2.7,2.5,23.6
94,Moses Brown,C,40,8.6,1.6,2.7,0.593,0.0,0.0,0.0,1.6,2.7,0.593,0.593,1.1,1.8,0.597,1.0,2.4,3.4,0.0,0.2,0.4,0.5,1.3,4.3
97,Sterling Brown,SG,49,12.8,1.2,3.2,0.381,0.6,1.9,0.304,0.6,1.3,0.492,0.471,0.3,0.3,0.933,0.5,2.5,3.0,0.7,0.3,0.1,0.5,1.1,3.3
98,Troy Brown Jr.,SF,66,16.0,1.6,3.9,0.419,0.7,2.0,0.353,0.9,1.9,0.488,0.51,0.3,0.4,0.769,0.6,2.5,3.1,1.0,0.5,0.1,0.4,0.9,4.3
99,Jalen Brunson,PG,79,31.9,6.4,12.8,0.502,1.2,3.2,0.373,5.2,9.6,0.545,0.549,2.3,2.7,0.84,0.5,3.4,3.9,4.8,0.8,0.0,1.6,1.9,16.3
100,Thomas Bryant,C,27,16.3,2.9,5.5,0.52,0.4,1.6,0.286,2.4,3.9,0.613,0.561,1.3,1.5,0.875,1.0,3.0,4.0,0.9,0.2,0.8,0.7,1.6,7.4
102,Reggie Bullock,SF,68,28.0,3.0,7.4,0.401,2.1,5.8,0.36,0.9,1.6,0.55,0.542,0.6,0.7,0.833,0.5,3.1,3.5,1.2,0.6,0.2,0.6,1.6,8.6
103,Trey Burke,PG,42,10.5,2.0,5.1,0.391,0.6,2.0,0.317,1.4,3.2,0.436,0.451,0.5,0.5,0.87,0.1,0.7,0.8,1.4,0.3,0.0,0.6,0.9,5.1
104,Alec Burks,SG,81,28.6,3.5,9.0,0.391,1.9,4.8,0.404,1.6,4.2,0.378,0.499,2.7,3.3,0.822,0.6,4.3,4.9,3.0,1.0,0.3,1.1,2.7,11.7
105,Jared Butler,SG,42,8.6,1.5,3.6,0.404,0.7,2.1,0.318,0.8,1.5,0.524,0.497,0.3,0.4,0.688,0.1,1.0,1.1,1.5,0.4,0.2,0.8,1.1,3.8
106,Jimmy Butler,SF,57,33.9,7.0,14.5,0.48,0.5,2.0,0.233,6.5,12.5,0.52,0.496,6.9,8.0,0.87,1.8,4.1,5.9,5.5,1.6,0.5,2.1,1.5,21.4
107,Devontae Cacok,PF,15,8.1,1.4,2.1,0.677,0.0,0.0,0.0,1.4,2.1,0.677,0.677,0.3,0.5,0.571,0.5,2.3,2.8,0.4,0.5,0.5,0.2,1.1,3.1
108,Kentavious Caldwell-Pope,SG,77,30.2,4.7,10.8,0.435,2.1,5.3,0.39,2.6,5.5,0.48,0.531,1.8,2.0,0.89,0.5,2.9,3.4,1.9,1.1,0.3,1.3,1.8,13.2
109,Facundo Campazzo,PG,65,18.2,1.6,4.6,0.361,0.9,3.0,0.301,0.8,1.6,0.476,0.459,0.9,1.2,0.769,0.4,1.4,1.8,3.4,1.0,0.4,1.0,1.9,5.1
110,Vlatko ?an?ar,PF,15,11.7,1.5,2.7,0.561,0.5,0.8,0.583,1.1,1.9,0.552,0.646,0.6,0.9,0.643,0.5,1.5,2.1,1.1,0.1,0.2,0.6,1.2,4.1
112,Clint Capela,C,74,27.6,5.0,8.2,0.613,0.0,0.0,0.0,5.0,8.1,0.614,0.613,1.1,2.3,0.473,3.8,8.1,11.9,1.2,0.7,1.3,0.6,2.2,11.1
116,Jevon Carter,PG,66,13.7,1.5,3.8,0.387,1.0,2.6,0.388,0.5,1.3,0.386,0.518,0.2,0.3,0.833,0.2,1.5,1.7,1.5,0.4,0.2,0.5,1.0,4.2
119,Wendell Carter Jr.,C,62,29.9,5.8,11.0,0.525,1.1,3.5,0.327,4.7,7.6,0.615,0.576,2.3,3.3,0.691,2.2,8.2,10.5,2.8,0.6,0.7,1.9,2.7,15.0
120,Alex Caruso,SG,41,28.0,2.5,6.2,0.398,1.0,3.1,0.333,1.5,3.2,0.462,0.48,1.4,1.8,0.795,0.8,2.8,3.6,4.0,1.7,0.4,1.4,2.6,7.4
121,Willie Cauley-Stein,C,20,9.2,0.8,1.8,0.457,0.1,0.1,0.5,0.8,1.7,0.455,0.471,0.1,0.1,0.5,0.7,1.4,2.0,0.5,0.3,0.2,0.4,1.0,1.7
125,Justin Champagnie,SF,36,7.8,0.9,1.9,0.463,0.3,0.8,0.357,0.6,1.1,0.538,0.537,0.3,0.3,1.0,1.0,1.0,2.0,0.3,0.2,0.1,0.2,0.9,2.3
127,Chris Chiozza,PG,34,10.9,0.7,2.4,0.296,0.5,1.6,0.321,0.2,0.8,0.25,0.401,0.1,0.1,0.667,0.3,0.8,1.1,1.9,0.4,0.0,0.9,0.9,2.0
128,Marquese Chriss,PF,34,10.2,1.8,3.9,0.463,0.2,0.7,0.32,1.6,3.2,0.495,0.493,0.6,1.0,0.667,1.0,2.1,3.0,0.5,0.4,0.4,0.5,1.9,4.5
129,Josh Christopher,SG,74,18.0,3.0,6.8,0.448,0.8,2.6,0.296,2.3,4.2,0.54,0.504,1.1,1.5,0.735,0.7,1.8,2.5,2.0,0.9,0.2,1.5,1.3,7.9
130,Gary Clark,PF,38,9.9,0.9,2.3,0.375,0.7,1.8,0.4,0.1,0.5,0.278,0.534,0.2,0.3,0.7,0.6,1.8,2.4,0.5,0.3,0.2,0.3,0.5,2.7
131,Brandon Clarke,PF,64,19.5,4.5,7.0,0.644,0.1,0.3,0.227,4.4,6.6,0.666,0.65,1.3,2.0,0.654,2.1,3.2,5.3,1.3,0.6,1.1,0.5,1.9,10.4
132,Jordan Clarkson,SG,79,27.1,5.9,14.1,0.419,2.4,7.6,0.318,3.5,6.5,0.535,0.504,1.8,2.2,0.828,0.8,2.6,3.5,2.5,0.8,0.2,1.6,1.9,16.0
133,Nic Claxton,C,47,20.7,3.8,5.6,0.674,0.0,0.0,0.0,3.8,5.6,0.674,0.674,1.1,2.0,0.581,1.9,3.7,5.6,0.9,0.5,1.1,0.8,2.3,8.7
134,Amir Coffey,SG,69,22.7,3.1,6.8,0.453,1.4,3.7,0.378,1.7,3.1,0.542,0.556,1.5,1.7,0.863,0.4,2.5,2.9,1.8,0.6,0.2,0.7,1.3,9.0
135,John Collins,PF,54,30.8,6.3,11.9,0.526,1.2,3.3,0.364,5.1,8.7,0.588,0.576,2.5,3.1,0.793,1.7,6.1,7.8,1.8,0.6,1.0,1.1,3.0,16.2
136,Zach Collins,PF,28,17.9,2.7,5.5,0.49,0.5,1.5,0.341,2.2,4.1,0.544,0.535,1.9,2.3,0.8,1.6,3.8,5.5,2.2,0.5,0.8,1.6,2.4,7.8
138,Mike Conley,PG,72,28.6,4.8,11.0,0.435,2.3,5.8,0.408,2.4,5.2,0.464,0.542,1.8,2.3,0.796,0.7,2.4,3.0,5.3,1.3,0.3,1.7,2.0,13.7
139,Pat Connaughton,SG,65,26.0,3.5,7.6,0.458,2.2,5.7,0.395,1.2,1.9,0.643,0.605,0.7,0.8,0.833,0.7,3.5,4.2,1.3,0.9,0.2,0.5,1.3,9.9
140,Tyler Cook,PF,20,10.0,1.2,1.9,0.605,0.0,0.0,0.0,1.2,1.9,0.605,0.605,1.1,1.6,0.656,0.8,1.9,2.7,0.2,0.2,0.2,0.4,1.4,3.4
141,Sharife Cooper,PG,13,3.0,0.2,1.1,0.214,0.1,0.5,0.167,0.2,0.6,0.25,0.25,0.0,0.0,0.0,0.0,0.4,0.4,0.4,0.0,0.0,0.4,0.1,0.5
142,Petr Cornelie,PF,13,2.9,0.4,1.2,0.333,0.1,0.6,0.125,0.3,0.5,0.571,0.367,0.2,0.3,0.75,0.5,0.5,1.1,0.2,0.1,0.1,0.3,0.5,1.1
143,DeMarcus Cousins,C,48,15.0,3.1,6.8,0.46,0.8,2.5,0.303,2.3,4.2,0.554,0.517,2.0,2.6,0.76,1.5,4.1,5.6,1.5,0.7,0.4,1.8,2.9,9.0
146,Robert Covington,PF-SF,71,27.3,2.9,7.0,0.42,1.8,4.8,0.378,1.1,2.2,0.509,0.548,0.8,1.0,0.841,0.8,4.7,5.5,1.3,1.5,1.3,1.1,2.7,8.5
149,Torrey Craig,SF,78,20.5,2.6,5.7,0.454,1.0,3.0,0.329,1.6,2.7,0.594,0.541,0.5,0.7,0.75,1.1,2.9,4.0,1.2,0.6,0.5,0.9,1.9,6.6
152,Jae Crowder,PF,67,28.1,3.2,8.1,0.399,1.9,5.4,0.348,1.3,2.7,0.503,0.516,1.1,1.3,0.789,0.4,4.8,5.3,1.9,1.4,0.4,0.8,2.6,9.4
153,Jarrett Culver,SG,37,9.1,1.4,3.6,0.378,0.3,1.3,0.255,1.1,2.4,0.443,0.422,0.4,0.9,0.471,0.4,0.9,1.3,0.9,0.5,0.1,0.5,1.1,3.5
155,Cade Cunningham,PG,64,32.6,6.7,16.1,0.416,1.8,5.7,0.314,4.9,10.4,0.472,0.471,2.2,2.6,0.845,0.9,4.6,5.5,5.6,1.2,0.7,3.7,3.1,17.4
156,Seth Curry,SG,64,33.4,5.6,11.5,0.487,2.5,5.8,0.422,3.2,5.7,0.553,0.594,1.3,1.5,0.872,0.3,2.8,3.1,3.6,0.8,0.2,1.7,2.3,15.0
159,Stephen Curry,PG,64,34.5,8.4,19.1,0.437,4.5,11.7,0.38,3.9,7.4,0.527,0.554,4.3,4.7,0.923,0.5,4.7,5.2,6.3,1.3,0.4,3.2,2.0,25.5
160,Anthony Davis,C,40,35.1,9.3,17.4,0.532,0.3,1.8,0.186,8.9,15.6,0.571,0.542,4.4,6.1,0.713,2.7,7.2,9.9,3.1,1.2,2.3,2.1,2.4,23.2
161,Ed Davis,C,31,6.5,0.4,0.5,0.688,0.0,0.0,0.0,0.4,0.5,0.688,0.688,0.2,0.5,0.429,0.5,1.6,2.1,0.2,0.1,0.3,0.2,1.1,0.9
162,Terence Davis,SG,30,17.9,3.8,8.9,0.423,1.6,5.0,0.329,2.1,3.9,0.542,0.515,1.2,1.5,0.818,0.4,2.8,3.1,1.3,0.8,0.4,1.1,2.3,10.4
164,Dewayne Dedmon,C,67,15.9,2.4,4.3,0.566,0.3,0.7,0.404,2.2,3.6,0.597,0.598,1.1,1.5,0.75,1.6,4.2,5.8,0.7,0.4,0.6,1.0,2.6,6.3
167,DeMar DeRozan,PF,76,36.1,10.2,20.2,0.504,0.7,1.9,0.352,9.5,18.3,0.52,0.521,6.8,7.8,0.877,0.7,4.4,5.2,4.9,0.9,0.3,2.4,2.3,27.9
168,Mamadi Diakite,PF,13,14.5,1.9,3.6,0.532,0.0,0.4,0.0,1.9,3.2,0.595,0.532,0.5,0.8,0.545,1.3,3.2,4.5,0.2,0.4,0.7,0.5,2.5,4.3
170,Hamidou Diallo,SG,58,21.9,4.5,9.1,0.496,0.4,1.6,0.247,4.1,7.5,0.55,0.518,1.6,2.4,0.65,1.2,3.6,4.8,1.3,1.2,0.3,1.0,2.5,11.0
171,Gorgui Dieng,C,44,8.4,1.2,2.5,0.473,0.7,1.5,0.426,0.5,1.0,0.545,0.603,0.4,0.6,0.731,0.7,2.0,2.8,0.8,0.3,0.3,0.5,1.2,3.5
172,Spencer Dinwiddie,PG,67,29.6,4.6,11.0,0.416,1.7,4.9,0.339,2.9,6.0,0.479,0.493,2.9,3.8,0.774,0.7,3.5,4.2,5.2,0.7,0.2,1.6,2.2,13.7
175,Donte DiVincenzo,SG,42,24.0,2.8,8.0,0.351,1.8,5.2,0.339,1.0,2.8,0.373,0.461,1.7,2.0,0.843,1.0,3.1,4.0,2.8,1.1,0.2,1.7,1.6,9.0
178,Luka Don?i?,PG,65,35.4,9.9,21.6,0.457,3.1,8.8,0.353,6.8,12.8,0.528,0.529,5.6,7.5,0.744,0.9,8.3,9.1,8.7,1.2,0.6,4.5,2.2,28.4
179,Luguentz Dort,SF,51,32.6,5.7,14.2,0.404,2.5,7.7,0.332,3.2,6.6,0.487,0.493,3.2,3.7,0.843,0.7,3.4,4.2,1.7,0.9,0.4,1.7,2.9,17.2
180,Ayo Dosunmu,SG,77,27.4,3.6,6.9,0.52,0.9,2.4,0.376,2.7,4.5,0.596,0.585,0.7,1.0,0.679,0.4,2.4,2.8,3.3,0.8,0.4,1.4,2.4,8.8
182,Devon Dotson,PG,11,7.7,1.0,2.1,0.478,0.2,0.8,0.222,0.8,1.3,0.643,0.522,0.5,0.8,0.556,0.1,0.7,0.8,1.4,0.1,0.0,0.5,1.0,2.6
188,PJ Dozier,SG,18,18.9,2.0,5.5,0.364,0.8,2.7,0.313,1.2,2.8,0.412,0.439,0.6,0.7,0.769,0.8,2.7,3.5,1.6,0.6,0.3,0.7,1.8,5.4
189,Goran Dragi?,PG,21,23.7,2.7,7.2,0.377,0.8,3.0,0.254,2.0,4.2,0.466,0.43,1.3,1.6,0.818,0.6,2.5,3.1,4.1,0.9,0.2,1.6,2.1,7.5
192,Andre Drummond,C,73,19.7,3.4,5.9,0.57,0.0,0.0,0.0,3.4,5.9,0.574,0.57,1.2,2.2,0.524,3.1,6.2,9.3,1.8,1.1,0.9,1.6,2.6,7.9
195,Chris Duarte,SG,55,28.0,4.9,11.3,0.432,1.7,4.6,0.369,3.2,6.7,0.475,0.507,1.6,2.0,0.804,0.7,3.4,4.1,2.1,1.0,0.2,1.6,1.7,13.1
196,David Duke Jr.,PG,22,15.5,1.8,4.9,0.361,0.4,1.7,0.243,1.4,3.2,0.423,0.403,0.8,1.0,0.81,1.4,1.7,3.0,0.8,0.6,0.3,0.4,1.6,4.7
197,Kris Dunn,PG,14,24.0,3.1,7.3,0.431,0.1,0.8,0.091,3.1,6.5,0.473,0.436,1.2,1.3,0.944,0.6,2.9,3.5,5.6,1.6,0.2,2.3,2.7,7.6
198,Kevin Durant,PF,55,37.2,10.5,20.3,0.518,2.1,5.5,0.383,8.4,14.8,0.568,0.57,6.8,7.4,0.91,0.5,6.9,7.4,6.4,0.9,0.9,3.5,2.1,29.9
200,Anthony Edwards,SG,72,34.3,7.6,17.3,0.441,3.0,8.4,0.357,4.6,8.9,0.519,0.527,3.1,3.9,0.786,0.9,3.9,4.8,3.8,1.5,0.6,2.6,2.3,21.3
202,Kessler Edwards,SF,48,20.6,2.3,5.6,0.412,1.0,2.8,0.353,1.3,2.7,0.473,0.502,0.3,0.4,0.842,0.9,2.7,3.6,0.6,0.6,0.5,0.9,1.8,5.9
204,CJ Elleby,SF,58,20.2,2.1,5.3,0.393,0.6,2.2,0.294,1.4,3.1,0.462,0.453,1.0,1.4,0.714,1.1,2.8,3.9,1.5,0.6,0.3,1.0,2.0,5.8
205,Wayne Ellington,SG,43,18.8,2.3,5.5,0.414,1.9,4.9,0.389,0.4,0.6,0.615,0.586,0.2,0.3,0.818,0.2,1.6,1.8,0.7,0.5,0.1,0.4,1.0,6.7
206,Joel Embiid,C,68,33.8,9.8,19.6,0.499,1.4,3.7,0.371,8.4,15.9,0.529,0.534,9.6,11.8,0.814,2.1,9.6,11.7,4.2,1.1,1.5,3.1,2.7,30.6
211,Drew Eubanks,C,71,17.5,3.1,5.2,0.596,0.1,0.3,0.217,3.0,4.9,0.621,0.602,1.4,1.8,0.762,1.8,3.5,5.4,1.2,0.4,0.6,1.1,1.7,7.7
214,Tacko Fall,C,11,5.4,0.5,1.1,0.417,0.0,0.0,0.0,0.5,1.1,0.417,0.417,0.2,0.6,0.286,0.6,1.5,2.1,0.2,0.0,0.5,0.3,0.3,1.1
215,Derrick Favors,C,39,16.7,2.4,4.7,0.516,0.1,0.4,0.125,2.4,4.3,0.554,0.522,0.4,0.6,0.64,1.5,3.2,4.7,0.6,0.4,0.3,0.2,1.6,5.3
216,Bruno Fernando,C,30,5.1,1.2,1.8,0.655,0.0,0.1,0.5,1.2,1.8,0.66,0.664,0.5,0.8,0.625,0.6,1.2,1.8,0.2,0.0,0.4,0.5,0.8,2.9
219,Dorian Finney-Smith,PF,80,33.1,4.1,8.7,0.471,2.2,5.4,0.395,1.9,3.2,0.599,0.595,0.7,1.0,0.675,1.5,3.2,4.7,1.9,1.1,0.5,1.0,2.3,11.0
220,Malik Fitts,PF,15,4.2,0.5,1.3,0.421,0.3,0.7,0.5,0.2,0.6,0.333,0.553,0.0,0.0,0.0,0.1,1.0,1.1,0.3,0.0,0.0,0.1,0.3,1.4
223,Malachi Flynn,PG,44,12.2,1.6,4.2,0.393,0.7,2.0,0.333,1.0,2.1,0.452,0.475,0.3,0.5,0.625,0.2,1.2,1.4,1.6,0.5,0.1,0.3,1.0,4.3
224,Bryn Forbes,SG,75,17.1,3.1,7.2,0.429,1.6,3.9,0.414,1.5,3.3,0.447,0.542,1.1,1.2,0.908,0.1,1.1,1.2,1.0,0.3,0.1,0.7,1.3,8.8
228,Trent Forrest,PG,60,12.8,1.3,2.6,0.49,0.1,0.5,0.185,1.2,2.1,0.555,0.506,0.6,0.8,0.792,0.4,1.3,1.7,1.8,0.5,0.1,0.8,0.7,3.3
229,Evan Fournier,SG,80,29.5,5.0,12.1,0.417,3.0,7.7,0.389,2.0,4.3,0.465,0.541,1.0,1.4,0.708,0.4,2.2,2.6,2.1,1.0,0.3,1.3,2.3,14.1
230,De'Aaron Fox,PG,59,35.3,8.7,18.5,0.473,1.3,4.2,0.297,7.5,14.3,0.524,0.506,4.4,5.9,0.75,0.4,3.5,3.9,5.6,1.2,0.4,2.8,2.9,23.2
232,Tim Frazier,PG,12,17.3,1.2,3.8,0.311,0.5,1.4,0.353,0.7,2.3,0.286,0.378,0.4,0.8,0.556,0.4,1.2,1.6,2.8,0.3,0.1,1.3,2.3,3.3
235,Enes Freedom,C,35,11.7,1.5,2.8,0.526,0.1,0.1,0.4,1.4,2.6,0.533,0.536,0.7,0.8,0.857,1.7,2.8,4.6,0.2,0.1,0.4,0.6,1.2,3.7
236,Markelle Fultz,PG,18,20.0,4.6,9.7,0.474,0.2,0.9,0.235,4.4,8.8,0.5,0.486,1.4,1.7,0.806,0.2,2.5,2.7,5.5,1.1,0.3,2.2,1.2,10.8
237,Wenyen Gabriel,PF,26,13.8,2.1,4.2,0.491,0.3,1.1,0.286,1.8,3.2,0.561,0.527,1.0,1.6,0.595,1.5,2.2,3.7,0.5,0.2,0.4,0.6,2.6,5.4
241,Daniel Gafford,C,72,20.1,4.0,5.7,0.693,0.0,0.0,0.0,4.0,5.7,0.695,0.693,1.5,2.1,0.699,2.2,3.5,5.7,0.9,0.4,1.4,0.9,2.4,9.4
242,Danilo Gallinari,PF,66,25.3,3.9,9.0,0.434,1.7,4.5,0.381,2.2,4.6,0.485,0.528,2.1,2.4,0.904,0.5,4.1,4.7,1.5,0.4,0.2,0.6,1.4,11.7
246,Darius Garland,PG,68,35.7,8.0,17.3,0.462,2.6,6.7,0.383,5.4,10.6,0.512,0.536,3.2,3.5,0.892,0.6,2.7,3.3,8.6,1.3,0.1,3.6,1.7,21.7
247,Marcus Garrett,SG,12,10.7,0.4,1.8,0.238,0.1,0.3,0.25,0.3,1.4,0.235,0.262,0.2,0.4,0.4,0.8,1.2,1.9,0.6,0.4,0.3,0.2,1.3,1.1
248,Usman Garuba,PF,24,10.0,0.8,1.8,0.432,0.2,0.8,0.25,0.6,1.0,0.583,0.489,0.2,0.3,0.714,0.9,2.6,3.5,0.7,0.4,0.5,0.3,1.2,2.0
249,Luka Garza,C,32,12.2,2.1,4.6,0.449,0.5,1.5,0.327,1.6,3.1,0.51,0.503,1.2,1.9,0.623,1.8,1.3,3.1,0.6,0.3,0.2,0.6,1.7,5.8
250,Rudy Gay,PF,55,18.9,2.9,6.9,0.414,1.3,3.7,0.345,1.6,3.2,0.494,0.507,1.1,1.4,0.785,1.0,3.4,4.4,1.0,0.5,0.3,0.9,1.7,8.1
251,Paul George,SF,31,34.7,8.6,20.5,0.421,2.9,8.3,0.354,5.7,12.2,0.467,0.493,4.1,4.8,0.858,0.4,6.5,6.9,5.7,2.2,0.4,4.1,2.4,24.3
252,Taj Gibson,C,52,18.2,1.7,3.2,0.518,0.3,0.7,0.395,1.4,2.5,0.555,0.563,0.8,1.0,0.808,1.7,2.7,4.4,0.6,0.4,0.8,0.5,2.6,4.4
253,Josh Giddey,SG,54,31.5,5.2,12.4,0.419,1.0,3.9,0.263,4.2,8.5,0.492,0.461,1.0,1.5,0.709,1.8,6.0,7.8,6.4,0.9,0.4,3.2,1.6,12.5
254,Shai Gilgeous-Alexander,PG,56,34.7,8.5,18.8,0.453,1.6,5.3,0.3,6.9,13.5,0.514,0.496,5.9,7.2,0.81,0.7,4.3,5.0,5.9,1.3,0.8,2.8,2.5,24.5
255,Anthony Gill,PF,44,10.5,1.4,2.5,0.569,0.3,0.6,0.538,1.1,1.9,0.578,0.633,1.0,1.2,0.808,0.8,1.2,1.9,0.6,0.1,0.3,0.4,1.3,4.1
257,Rudy Gobert,C,66,32.1,5.5,7.7,0.713,0.0,0.1,0.0,5.5,7.6,0.718,0.713,4.6,6.7,0.69,3.7,11.0,14.7,1.1,0.7,2.1,1.8,2.7,15.6
258,Brandon Goodwin,PG,36,13.9,1.8,4.3,0.416,0.5,1.5,0.345,1.3,2.8,0.455,0.477,0.7,1.1,0.632,0.4,1.5,1.9,2.5,0.7,0.0,1.0,1.1,4.8
260,Aaron Gordon,PF,75,31.7,5.8,11.1,0.52,1.2,3.5,0.335,4.6,7.7,0.605,0.573,2.3,3.1,0.743,1.7,4.2,5.9,2.5,0.6,0.6,1.8,2.0,15.0
261,Eric Gordon,SG,57,29.3,4.7,9.9,0.475,2.2,5.3,0.412,2.5,4.6,0.548,0.585,1.8,2.4,0.778,0.3,1.7,2.0,2.7,0.5,0.3,1.9,1.1,13.4
262,Devonte' Graham,PG,76,28.4,3.9,10.7,0.363,2.5,7.4,0.341,1.4,3.3,0.413,0.481,1.6,1.8,0.843,0.5,1.8,2.3,4.2,0.9,0.2,1.4,1.3,11.9
263,Jerami Grant,PF,47,31.9,6.3,14.9,0.426,1.9,5.4,0.358,4.4,9.5,0.465,0.491,4.6,5.5,0.838,0.6,3.5,4.1,2.4,0.9,1.0,1.8,2.3,19.2
265,Danny Green,SF,62,21.8,2.0,5.2,0.394,1.7,4.4,0.38,0.4,0.8,0.469,0.555,0.2,0.2,0.786,0.5,2.0,2.5,1.0,1.0,0.6,0.7,1.7,5.9
266,Draymond Green,PF,46,28.9,2.9,5.6,0.525,0.3,1.2,0.296,2.6,4.4,0.586,0.556,1.3,2.0,0.659,1.0,6.3,7.3,7.0,1.3,1.1,3.0,3.0,7.5
267,Jalen Green,SG,67,31.9,6.1,14.2,0.426,2.3,6.8,0.343,3.7,7.4,0.502,0.508,2.8,3.5,0.797,0.5,2.9,3.4,2.6,0.7,0.3,2.0,1.5,17.3
268,JaMychal Green,PF,67,16.2,2.4,4.9,0.486,0.5,1.9,0.266,1.9,3.0,0.621,0.537,1.2,1.4,0.871,1.2,3.0,4.2,0.9,0.6,0.4,0.9,2.4,6.4
269,Javonte Green,SF,65,23.4,2.7,5.0,0.542,0.6,1.6,0.356,2.2,3.4,0.625,0.597,1.2,1.5,0.833,1.4,2.8,4.2,0.9,1.0,0.5,0.5,2.0,7.2
270,Jeff Green,C,75,24.7,3.7,7.1,0.524,0.7,2.2,0.315,3.0,4.8,0.62,0.574,2.2,2.6,0.833,0.5,2.5,3.1,1.3,0.4,0.4,0.9,2.0,10.3
271,Josh Green,SG,67,15.5,1.9,3.8,0.508,0.4,1.2,0.359,1.5,2.7,0.573,0.563,0.5,0.7,0.689,0.8,1.6,2.4,1.2,0.7,0.2,0.7,1.7,4.8
272,Blake Griffin,PF,56,17.1,2.4,5.6,0.425,0.7,2.6,0.262,1.7,3.0,0.565,0.486,1.0,1.4,0.724,1.1,3.0,4.1,1.9,0.5,0.3,0.6,1.7,6.4
273,Quentin Grimes,SG,46,17.1,2.1,5.1,0.404,1.6,4.1,0.381,0.5,1.0,0.5,0.557,0.3,0.4,0.684,0.5,1.5,2.0,1.0,0.7,0.2,0.6,1.6,6.0
274,Kyle Guy,SG,19,9.8,1.4,3.4,0.4,0.7,2.1,0.35,0.6,1.3,0.48,0.508,0.4,0.6,0.667,0.2,0.7,0.9,0.9,0.4,0.1,0.7,0.6,3.9
275,Rui Hachimura,PF,42,22.5,4.5,9.1,0.491,1.3,2.9,0.447,3.1,6.1,0.512,0.563,1.1,1.6,0.697,0.6,3.2,3.8,1.1,0.5,0.2,0.8,1.3,11.3
276,Tyrese Haliburton,SG-PG,77,35.0,5.6,11.8,0.473,2.1,5.1,0.414,3.5,6.8,0.517,0.562,2.1,2.5,0.842,0.8,3.2,4.0,8.2,1.7,0.6,2.6,1.6,15.3
280,R.J. Hampton,SG,64,21.9,2.7,7.1,0.383,1.0,2.9,0.35,1.7,4.3,0.405,0.453,1.2,1.8,0.641,0.4,2.7,3.0,2.5,0.7,0.2,1.4,1.6,7.6
281,Tim Hardaway Jr.,SG,42,29.6,5.0,12.6,0.394,2.4,7.2,0.336,2.5,5.4,0.473,0.491,1.9,2.5,0.757,0.3,3.4,3.7,2.2,0.9,0.1,0.8,1.8,14.2
282,James Harden,PG-SG,65,37.2,6.3,15.3,0.41,2.3,6.9,0.33,4.0,8.4,0.476,0.485,7.2,8.2,0.877,0.8,6.8,7.7,10.3,1.3,0.6,4.4,2.4,22.0
285,Maurice Harkless,SF,47,18.4,1.8,3.9,0.459,0.7,2.1,0.307,1.1,1.7,0.65,0.544,0.4,0.6,0.714,0.3,2.1,2.4,0.5,0.6,0.5,0.7,1.6,4.6
287,Montrezl Harrell,C,71,23.1,5.0,7.8,0.645,0.1,0.2,0.235,5.0,7.6,0.658,0.649,3.0,4.2,0.716,2.1,4.0,6.1,2.0,0.4,0.6,1.0,1.9,13.1
290,Gary Harris,SG,61,28.4,3.9,9.1,0.434,1.9,5.0,0.384,2.0,4.1,0.494,0.539,1.4,1.6,0.874,0.6,1.4,2.0,1.8,1.0,0.1,1.0,1.8,11.1
291,Joe Harris,SF,14,30.2,4.0,8.9,0.452,2.9,6.3,0.466,1.1,2.6,0.417,0.617,0.4,0.4,0.833,0.4,3.6,4.0,1.0,0.5,0.1,1.1,2.2,11.3
292,Tobias Harris,PF,73,34.8,6.8,14.0,0.482,1.4,3.8,0.367,5.4,10.2,0.525,0.532,2.3,2.8,0.842,1.1,5.7,6.8,3.5,0.6,0.6,1.6,2.2,17.2
294,Josh Hart,SG-SF,54,33.2,5.3,10.5,0.504,1.4,3.9,0.343,4.0,6.6,0.601,0.569,3.0,3.9,0.758,1.1,6.0,7.2,4.1,1.1,0.2,2.1,2.8,14.9
297,Isaiah Hartenstein,C,68,17.9,3.4,5.4,0.626,0.2,0.4,0.467,3.2,4.9,0.64,0.645,1.3,1.9,0.689,1.7,3.2,4.9,2.4,0.7,1.1,1.2,2.5,8.3
298,Udonis Haslem,C,13,6.4,1.1,2.4,0.452,0.1,0.3,0.25,1.0,2.1,0.481,0.468,0.2,0.2,1.0,0.3,1.6,1.9,0.3,0.1,0.1,0.4,1.2,2.5
299,Sam Hauser,SF,26,6.1,0.9,1.9,0.46,0.7,1.7,0.432,0.2,0.2,0.667,0.65,0.0,0.0,0.0,0.2,0.9,1.1,0.4,0.0,0.1,0.1,0.3,2.5
300,Jaxson Hayes,C,70,20.0,3.5,5.7,0.616,0.3,0.8,0.351,3.2,4.9,0.66,0.641,2.1,2.7,0.766,1.6,2.9,4.5,0.6,0.5,0.8,0.8,2.2,9.3
301,Killian Hayes,PG,66,25.0,2.7,7.0,0.383,0.7,2.5,0.263,2.0,4.4,0.452,0.431,0.9,1.1,0.77,0.5,2.6,3.2,4.2,1.2,0.5,1.7,2.8,6.9
302,Gordon Hayward,SF,49,31.9,5.8,12.6,0.459,1.8,4.5,0.391,4.0,8.1,0.496,0.528,2.6,3.0,0.846,0.8,3.8,4.6,3.6,1.0,0.4,1.7,1.7,15.9
304,Juancho Hernangómez,PF,40,11.1,1.1,2.7,0.415,0.6,1.7,0.348,0.5,0.9,0.541,0.528,0.5,0.9,0.559,0.7,1.8,2.5,0.5,0.4,0.3,0.4,0.6,3.3
308,Willy Hernangómez,C,50,16.8,3.4,6.5,0.52,0.1,0.2,0.333,3.3,6.3,0.527,0.526,2.2,2.8,0.773,2.9,3.9,6.8,1.3,0.4,0.4,1.0,1.9,9.1
309,Tyler Herro,SG,66,32.6,7.6,17.0,0.447,2.7,6.7,0.399,4.9,10.3,0.477,0.525,2.9,3.3,0.868,0.5,4.5,5.0,4.0,0.7,0.1,2.6,1.4,20.7
310,Buddy Hield,SG,81,30.9,5.5,13.6,0.406,3.2,8.8,0.366,2.3,4.7,0.482,0.526,1.4,1.6,0.874,0.8,3.5,4.4,2.8,0.9,0.3,1.9,2.3,15.6
313,Haywood Highsmith,SF,19,8.6,0.8,2.4,0.348,0.5,1.5,0.321,0.4,0.9,0.389,0.446,0.1,0.3,0.4,0.5,0.8,1.4,0.3,0.1,0.2,0.2,0.7,2.3
314,George Hill,SG,54,23.2,2.2,5.1,0.429,0.8,2.5,0.306,1.4,2.6,0.546,0.504,1.1,1.1,0.919,0.7,2.2,2.9,2.2,0.8,0.1,0.8,1.3,6.2
315,Malcolm Hill,SF-SG,19,11.2,1.3,2.7,0.462,0.7,1.9,0.361,0.6,0.8,0.688,0.587,0.6,0.7,0.786,0.6,1.3,1.8,0.4,0.4,0.2,0.2,1.3,3.8
318,Solomon Hill,PF,13,10.7,0.2,1.5,0.15,0.2,1.0,0.154,0.1,0.5,0.143,0.2,0.0,0.0,0.0,0.5,1.3,1.8,0.9,0.3,0.2,0.1,1.2,0.6
321,Aaron Holiday,PG,63,16.2,2.4,5.4,0.447,0.6,1.6,0.379,1.8,3.7,0.477,0.504,0.9,1.1,0.868,0.4,1.6,1.9,2.4,0.7,0.1,1.1,1.5,6.3
324,Jrue Holiday,PG,67,32.9,7.1,14.2,0.501,2.0,4.8,0.411,5.2,9.4,0.547,0.57,2.0,2.7,0.761,1.0,3.5,4.5,6.8,1.6,0.4,2.7,2.0,18.3
325,Justin Holiday,SF-SG,74,27.8,3.5,8.9,0.394,2.4,6.5,0.367,1.1,2.4,0.467,0.528,0.7,0.8,0.806,0.4,2.2,2.6,1.7,0.8,0.4,0.9,2.1,10.1
328,Richaun Holmes,C,45,23.9,4.4,6.7,0.66,0.0,0.1,0.4,4.4,6.6,0.664,0.663,1.6,2.0,0.778,2.1,5.0,7.0,1.1,0.4,0.9,1.2,2.8,10.4
329,Rodney Hood,SF-SG,52,13.6,1.1,3.0,0.369,0.6,1.8,0.33,0.5,1.3,0.424,0.465,0.3,0.4,0.895,0.3,1.2,1.5,0.7,0.3,0.1,0.2,0.6,3.1
333,Al Horford,C,69,29.1,3.9,8.2,0.467,1.3,3.8,0.336,2.6,4.4,0.582,0.546,1.2,1.4,0.842,1.6,6.1,7.7,3.4,0.7,1.3,0.9,1.9,10.2
334,Talen Horton-Tucker,SG,60,25.2,3.7,9.0,0.416,0.8,3.0,0.269,2.9,5.9,0.492,0.462,1.7,2.1,0.8,0.6,2.6,3.2,2.7,1.0,0.5,1.4,2.5,10.0
335,Danuel House Jr.,SF,42,17.3,1.9,4.7,0.404,1.0,2.8,0.376,0.9,1.9,0.444,0.515,1.0,1.4,0.759,0.4,2.2,2.6,1.0,0.5,0.4,0.8,1.2,5.9
339,Dwight Howard,C,60,16.2,2.2,3.7,0.612,0.1,0.3,0.533,2.1,3.4,0.618,0.63,1.6,2.4,0.658,2.0,4.0,5.9,0.6,0.6,0.6,0.8,1.9,6.2
340,Markus Howard,SG,31,5.7,1.3,3.3,0.386,0.9,2.3,0.4,0.4,1.0,0.355,0.525,0.6,0.7,0.87,0.1,0.3,0.4,0.2,0.3,0.0,0.2,0.5,4.1
341,Kevin Huerter,SG,74,29.6,4.7,10.3,0.454,2.2,5.6,0.389,2.5,4.7,0.53,0.559,0.6,0.7,0.808,0.4,3.0,3.4,2.7,0.7,0.4,1.2,2.5,12.1
343,Elijah Hughes,SG-SF,36,12.1,1.3,4.0,0.326,0.7,2.6,0.263,0.6,1.4,0.449,0.413,0.2,0.3,0.778,0.2,1.4,1.6,0.6,0.4,0.2,0.5,1.1,3.5
347,De'Andre Hunter,SF,53,29.8,4.8,10.8,0.442,1.4,3.7,0.379,3.4,7.2,0.474,0.506,2.4,3.1,0.765,0.5,2.8,3.3,1.3,0.7,0.4,1.3,2.9,13.4
349,Bones Hyland,PG,69,19.0,3.3,8.3,0.403,1.9,5.2,0.366,1.4,3.1,0.465,0.518,1.6,1.8,0.856,0.2,2.5,2.7,2.8,0.6,0.3,1.2,2.2,10.1
350,Serge Ibaka,C-PF,54,16.2,2.7,5.5,0.5,0.7,1.8,0.374,2.1,3.6,0.563,0.563,0.6,0.8,0.727,1.1,3.5,4.6,0.9,0.2,0.6,0.8,1.9,6.8
353,Andre Iguodala,SF,31,19.5,1.5,3.9,0.38,0.5,2.4,0.23,0.9,1.5,0.617,0.45,0.5,0.6,0.75,0.7,2.5,3.2,3.7,0.9,0.7,0.9,1.1,4.0
354,Joe Ingles,SF,45,24.9,2.6,6.3,0.404,1.7,5.0,0.347,0.8,1.3,0.617,0.54,0.4,0.5,0.773,0.3,2.6,2.9,3.5,0.5,0.1,1.0,1.8,7.2
355,Brandon Ingram,SF,55,34.0,8.2,17.9,0.461,1.3,4.1,0.327,6.9,13.8,0.501,0.498,4.8,5.9,0.826,0.6,5.2,5.8,5.6,0.6,0.5,2.7,2.2,22.7
356,Kyrie Irving,PG,29,37.6,10.0,21.2,0.469,3.4,8.2,0.418,6.5,13.0,0.501,0.55,4.1,4.4,0.915,0.6,3.8,4.4,5.8,1.4,0.6,2.5,2.8,27.4
358,Frank Jackson,PG,53,22.0,3.7,9.1,0.402,1.6,5.3,0.308,2.0,3.8,0.529,0.491,1.6,2.0,0.827,0.4,1.3,1.6,1.0,0.5,0.2,0.7,1.7,10.6
359,Isaiah Jackson,PF,36,15.0,3.2,5.7,0.563,0.1,0.4,0.313,3.1,5.3,0.584,0.575,1.7,2.4,0.682,1.7,2.5,4.1,0.3,0.7,1.4,1.1,2.6,8.3
360,Jaren Jackson Jr.,PF,78,27.3,5.5,13.3,0.415,1.6,5.1,0.319,3.9,8.1,0.476,0.477,3.6,4.4,0.823,1.5,4.3,5.8,1.1,0.9,2.3,1.7,3.5,16.3
361,Josh Jackson,SF,51,16.3,2.4,5.9,0.4,0.6,2.5,0.254,1.7,3.3,0.512,0.455,1.1,1.5,0.714,0.4,2.4,2.8,1.1,0.5,0.4,0.9,1.7,6.4
367,Reggie Jackson,SG,75,31.2,6.4,16.3,0.392,2.2,6.8,0.326,4.2,9.5,0.439,0.46,1.8,2.2,0.847,0.5,3.1,3.6,4.8,0.7,0.2,2.3,2.1,16.8
368,LeBron James,SF,56,37.2,11.4,21.8,0.524,2.9,8.0,0.359,8.6,13.8,0.62,0.59,4.5,6.0,0.756,1.1,7.1,8.2,6.2,1.3,1.1,3.5,2.2,30.3
371,Ty Jerome,SG,48,16.7,2.6,6.8,0.378,1.1,3.9,0.29,1.5,3.0,0.493,0.46,0.8,1.0,0.809,0.4,1.2,1.6,2.3,0.6,0.1,0.8,1.5,7.1
372,Isaiah Joe,SG,55,11.1,1.1,3.2,0.35,0.8,2.5,0.333,0.3,0.8,0.405,0.477,0.5,0.6,0.935,0.1,0.9,1.0,0.6,0.3,0.1,0.3,0.9,3.6
373,Alize Johnson,PF,23,7.3,0.7,1.7,0.436,0.0,0.2,0.0,0.7,1.5,0.486,0.436,0.3,0.5,0.583,1.2,1.4,2.7,0.4,0.2,0.0,0.5,0.8,1.8
378,Cameron Johnson,PF,66,26.2,4.2,9.2,0.46,2.5,5.9,0.425,1.7,3.3,0.523,0.596,1.5,1.7,0.86,0.6,3.5,4.1,1.5,0.9,0.2,0.7,1.7,12.5
380,Jalen Johnson,PF,22,5.5,1.0,1.9,0.537,0.1,0.6,0.231,0.9,1.3,0.679,0.573,0.2,0.3,0.714,0.1,1.1,1.2,0.1,0.1,0.1,0.4,0.4,2.4
381,James Johnson,PF,62,19.2,2.3,5.0,0.469,0.4,1.4,0.271,2.0,3.6,0.545,0.507,0.5,0.9,0.527,0.8,2.6,3.5,2.1,0.5,0.5,0.8,2.6,5.5
383,Keldon Johnson,SF,75,31.9,6.3,13.5,0.466,2.1,5.3,0.398,4.2,8.2,0.51,0.545,2.4,3.1,0.756,1.1,5.0,6.1,2.1,0.8,0.2,1.2,2.0,17.0
384,Keon Johnson,SG,37,18.8,2.6,7.4,0.353,0.9,2.7,0.34,1.7,4.6,0.36,0.415,1.1,1.4,0.804,0.6,1.5,2.2,2.1,0.8,0.3,1.2,1.9,7.2
387,Stanley Johnson,PF,48,22.8,2.4,5.2,0.466,0.7,2.2,0.314,1.8,3.0,0.575,0.532,1.1,1.5,0.716,0.7,2.5,3.2,1.7,0.9,0.3,0.7,2.3,6.7
391,Nikola Joki?,C,74,33.5,10.3,17.7,0.583,1.3,3.9,0.337,9.0,13.8,0.652,0.62,5.1,6.3,0.81,2.8,11.0,13.8,7.9,1.5,0.9,3.8,2.6,27.1
395,Damian Jones,C,56,18.2,3.1,4.8,0.658,0.2,0.5,0.345,2.9,4.2,0.696,0.677,1.7,2.3,0.718,1.3,3.1,4.4,1.2,0.5,0.8,1.1,2.3,8.1
396,Derrick Jones Jr.,PF,51,17.6,2.1,3.8,0.538,0.4,1.2,0.328,1.7,2.6,0.634,0.59,1.1,1.4,0.8,1.2,2.1,3.3,0.6,0.5,0.6,0.6,2.1,5.6
397,Herbert Jones,PF,78,29.9,3.5,7.4,0.476,0.7,2.2,0.337,2.8,5.2,0.533,0.525,1.8,2.1,0.84,1.3,2.5,3.8,2.1,1.7,0.8,1.3,3.1,9.5
399,Kai Jones,C,21,3.0,0.4,0.7,0.643,0.0,0.1,0.5,0.4,0.6,0.667,0.679,0.1,0.4,0.375,0.1,0.4,0.5,0.2,0.0,0.1,0.3,0.4,1.0
401,Tre Jones,PG,69,16.6,2.4,4.9,0.49,0.1,0.7,0.196,2.3,4.2,0.542,0.504,1.0,1.3,0.78,0.4,1.8,2.2,3.4,0.6,0.1,0.7,1.1,6.0
402,Tyus Jones,PG,73,21.2,3.4,7.6,0.451,1.1,2.8,0.39,2.3,4.8,0.487,0.524,0.7,0.9,0.818,0.2,2.2,2.4,4.4,0.9,0.0,0.6,0.4,8.7
403,DeAndre Jordan,C,48,13.0,1.9,3.0,0.643,0.0,0.0,0.0,1.9,3.0,0.643,0.643,0.5,0.8,0.55,1.7,3.8,5.5,0.4,0.3,0.7,0.8,1.5,4.3
406,Cory Joseph,PG,65,24.6,2.7,6.2,0.445,1.0,2.4,0.414,1.7,3.7,0.465,0.526,1.5,1.7,0.885,0.4,2.2,2.7,3.6,0.6,0.3,1.3,2.3,8.0
407,Georgios Kalaitzakis,SF,13,16.5,2.4,5.2,0.463,0.8,2.0,0.385,1.6,3.2,0.512,0.537,1.1,2.3,0.467,0.5,1.2,1.6,0.9,0.8,0.2,1.5,1.5,6.6
411,Luke Kennard,SG,70,27.4,4.1,9.1,0.449,2.7,6.0,0.449,1.4,3.1,0.449,0.598,1.0,1.1,0.896,0.3,3.0,3.3,2.1,0.6,0.1,0.9,1.4,11.9
412,Braxton Key,SF,11,17.9,3.0,6.5,0.458,0.5,1.9,0.286,2.5,4.6,0.529,0.5,0.6,1.2,0.538,1.2,3.4,4.5,1.0,0.9,1.0,1.0,2.4,7.2
416,Louis King,SF,10,10.4,1.5,4.7,0.319,0.8,2.7,0.296,0.7,2.0,0.35,0.404,0.7,1.0,0.7,0.0,1.2,1.2,0.9,0.2,0.1,0.0,1.4,4.5
417,Corey Kispert,SF,77,23.4,3.0,6.7,0.455,1.5,4.2,0.35,1.6,2.5,0.629,0.564,0.7,0.8,0.871,0.7,2.0,2.7,1.1,0.5,0.3,0.6,1.2,8.2
418,Maxi Kleber,PF,59,24.6,2.4,6.0,0.398,1.4,4.3,0.325,1.0,1.7,0.586,0.516,0.8,1.1,0.708,1.2,4.7,5.9,1.2,0.5,1.0,0.8,2.3,7.0
420,Nathan Knight,PF,37,7.2,1.2,2.4,0.511,0.1,0.4,0.308,1.1,2.0,0.547,0.534,1.2,1.6,0.733,0.9,1.4,2.3,0.6,0.2,0.2,0.5,1.1,3.7
421,Kevin Knox,SF,30,7.4,1.0,2.8,0.365,0.5,1.8,0.278,0.5,1.0,0.516,0.453,0.5,0.7,0.727,0.5,1.0,1.5,0.3,0.1,0.1,0.2,0.6,3.1
424,John Konchar,SG,72,17.9,1.9,3.6,0.515,0.7,1.8,0.413,1.2,1.9,0.61,0.615,0.4,0.7,0.551,1.2,3.4,4.6,1.5,0.6,0.3,0.4,1.3,4.8
425,Furkan Korkmaz,SG,67,21.1,2.7,7.0,0.387,1.1,4.0,0.289,1.6,3.0,0.515,0.469,1.0,1.3,0.81,0.3,2.3,2.6,1.9,0.5,0.1,0.7,0.9,7.6
426,Luke Kornet,C,15,6.9,0.9,1.8,0.481,0.0,0.3,0.0,0.9,1.5,0.591,0.481,0.3,0.4,0.667,0.9,1.1,1.9,0.6,0.2,0.2,0.0,0.6,2.0
430,Vit Krejci,SG,30,23.0,2.3,5.6,0.407,1.1,3.3,0.327,1.2,2.3,0.522,0.503,0.6,0.7,0.864,0.6,2.8,3.4,1.9,0.6,0.3,1.0,2.2,6.2
432,Jonathan Kuminga,SF,70,16.9,3.4,6.6,0.513,0.7,2.1,0.336,2.7,4.4,0.598,0.567,1.9,2.7,0.684,0.8,2.6,3.3,0.9,0.4,0.3,1.1,2.1,9.3
433,Kyle Kuzma,PF,66,33.4,6.4,14.2,0.452,1.9,5.7,0.341,4.5,8.5,0.526,0.52,2.4,3.3,0.712,1.1,7.4,8.5,3.5,0.6,0.9,2.6,1.9,17.1
435,Jeremy Lamb,SF-SG,56,16.7,2.4,6.2,0.383,1.0,3.0,0.324,1.4,3.2,0.441,0.463,1.6,1.9,0.84,0.5,2.3,2.8,1.4,0.6,0.4,0.7,1.1,7.3
438,Jock Landale,C,54,10.9,1.9,3.8,0.495,0.5,1.6,0.326,1.3,2.1,0.626,0.566,0.6,0.8,0.829,1.2,1.4,2.6,0.8,0.2,0.3,0.6,1.0,4.9
439,Romeo Langford,SG,48,16.1,1.7,4.0,0.435,0.6,1.8,0.341,1.1,2.2,0.509,0.51,0.5,0.9,0.548,0.6,1.6,2.3,0.4,0.5,0.3,0.3,1.0,4.5
442,Zach LaVine,SF,67,34.7,8.4,17.7,0.476,2.8,7.1,0.389,5.7,10.6,0.534,0.554,4.8,5.6,0.853,0.3,4.3,4.6,4.5,0.6,0.3,2.6,1.8,24.4
443,Jake Layman,SF,34,6.8,0.9,2.1,0.411,0.2,1.0,0.229,0.6,1.1,0.579,0.466,0.4,0.5,0.722,0.2,0.9,1.1,0.3,0.2,0.1,0.3,0.4,2.4
444,Damion Lee,SG,63,19.9,2.7,6.1,0.441,1.0,3.0,0.337,1.7,3.1,0.541,0.523,1.0,1.2,0.88,0.4,2.8,3.2,1.0,0.6,0.1,0.6,1.5,7.4
445,Saben Lee,PG,37,16.3,1.9,4.8,0.39,0.4,1.6,0.233,1.5,3.2,0.47,0.429,1.5,1.9,0.789,0.5,1.9,2.4,2.9,1.0,0.3,1.0,1.2,5.6
446,Alex Len,C,39,15.9,2.4,4.5,0.534,0.2,0.5,0.286,2.3,4.0,0.568,0.551,1.1,1.6,0.651,1.3,2.8,4.1,1.2,0.3,0.6,1.1,2.6,6.0
447,Caris LeVert,SG,58,30.7,6.5,14.7,0.444,1.4,4.4,0.32,5.1,10.3,0.497,0.492,2.5,3.3,0.756,0.7,2.9,3.7,4.3,0.9,0.4,1.9,2.3,17.0
450,Kira Lewis Jr.,PG,24,14.2,2.5,6.1,0.404,0.5,2.4,0.224,1.9,3.7,0.523,0.449,0.4,0.5,0.833,0.4,1.3,1.6,2.0,0.5,0.0,1.1,0.7,5.9
452,Damian Lillard,PG,29,36.4,7.7,19.0,0.402,3.2,9.8,0.324,4.5,9.2,0.485,0.486,5.5,6.2,0.878,0.4,3.7,4.1,7.3,0.6,0.4,2.9,1.3,24.0
453,Nassir Little,SF,42,25.9,3.5,7.5,0.46,1.2,3.7,0.331,2.2,3.8,0.584,0.541,1.6,2.2,0.734,1.4,4.2,5.6,1.3,0.6,0.9,1.0,2.0,9.8
454,Isaiah Livers,SF,19,20.2,2.2,4.7,0.456,1.4,3.4,0.422,0.7,1.4,0.538,0.606,0.6,0.7,0.857,0.8,2.2,3.0,1.1,0.7,0.4,0.8,1.9,6.4
455,Kevon Looney,C,82,21.1,2.5,4.4,0.571,0.0,0.0,0.0,2.5,4.4,0.573,0.571,0.9,1.5,0.6,2.5,4.7,7.3,2.0,0.6,0.6,0.8,2.6,6.0
456,Brook Lopez,C,13,22.9,4.7,10.1,0.466,1.5,4.1,0.358,3.2,6.0,0.538,0.538,1.5,1.8,0.87,1.5,2.6,4.1,0.5,0.6,1.2,0.9,2.6,12.4
457,Robin Lopez,C,36,17.0,3.1,5.5,0.553,0.1,0.2,0.333,3.0,5.4,0.56,0.558,0.9,1.5,0.593,1.9,1.6,3.5,1.5,0.1,0.5,1.2,1.9,7.1
461,Kevin Love,PF,74,22.5,4.4,10.3,0.43,2.5,6.4,0.392,1.9,3.8,0.493,0.553,2.2,2.7,0.838,1.2,6.1,7.2,2.2,0.4,0.2,1.3,1.4,13.6
462,Kyle Lowry,PG,63,33.9,4.4,10.0,0.44,2.3,6.1,0.377,2.1,3.9,0.539,0.555,2.3,2.8,0.851,0.5,4.0,4.5,7.5,1.1,0.3,2.7,2.8,13.4
464,Timothé Luwawu-Cabarrot,SF,52,13.2,1.4,3.6,0.398,0.8,2.3,0.361,0.6,1.2,0.469,0.516,0.7,0.8,0.854,0.3,1.3,1.6,0.8,0.3,0.1,0.4,1.5,4.4
465,Trey Lyles,PF,75,20.5,3.5,7.5,0.466,0.9,2.8,0.321,2.6,4.7,0.552,0.526,2.6,3.2,0.802,1.2,3.9,5.1,1.2,0.4,0.4,1.0,1.6,10.5
468,Théo Maledon,PG,51,17.8,2.3,6.2,0.375,0.9,2.9,0.293,1.5,3.3,0.449,0.445,1.5,2.0,0.79,0.4,2.2,2.6,2.2,0.6,0.2,1.3,1.3,7.1
469,Sandro Mamukelashvili,PF,41,9.9,1.4,2.8,0.496,0.5,1.3,0.423,0.9,1.5,0.556,0.591,0.4,0.5,0.818,0.9,1.1,2.0,0.5,0.2,0.2,0.4,0.7,3.8
470,Terance Mann,SF,81,28.6,4.1,8.5,0.484,0.9,2.6,0.365,3.2,6.0,0.535,0.539,1.6,2.0,0.78,1.3,4.0,5.2,2.6,0.7,0.3,1.0,2.2,10.8
471,Tre Mann,PG,60,22.8,3.9,9.8,0.393,1.6,4.5,0.36,2.2,5.3,0.421,0.476,1.1,1.4,0.793,0.4,2.4,2.9,1.5,0.8,0.2,1.2,1.7,10.4
472,Boban Marjanovi?,C,23,5.6,1.8,3.0,0.6,0.0,0.2,0.25,1.8,2.9,0.621,0.607,0.6,1.0,0.591,0.3,1.3,1.7,0.1,0.0,0.1,0.7,1.0,4.3
473,Lauri Markkanen,PF,61,30.8,5.1,11.5,0.445,2.2,6.2,0.358,2.9,5.3,0.548,0.542,2.3,2.6,0.868,1.0,4.7,5.7,1.3,0.7,0.5,0.9,2.1,14.8
474,Naji Marshall,SF,55,13.4,2.0,4.9,0.405,0.4,1.9,0.2,1.6,3.0,0.537,0.444,1.3,1.7,0.796,0.7,1.9,2.6,1.1,0.6,0.1,0.8,1.3,5.7
475,Caleb Martin,SF,60,22.9,3.5,6.8,0.507,1.1,2.6,0.413,2.4,4.3,0.565,0.585,1.2,1.6,0.763,1.2,2.7,3.8,1.1,1.0,0.5,0.9,1.7,9.2
476,Cody Martin,SF,71,26.3,2.9,6.0,0.482,0.9,2.2,0.384,2.0,3.7,0.542,0.554,1.1,1.5,0.701,1.2,2.9,4.0,2.5,1.2,0.5,0.9,1.6,7.7
477,Kelan Martin,SF,30,15.0,2.3,5.7,0.409,0.7,2.5,0.293,1.6,3.2,0.5,0.474,0.3,0.4,0.692,0.6,1.3,1.8,0.7,0.4,0.3,0.5,1.2,5.7
480,Kenyon Martin Jr.,SF,79,21.0,3.5,6.6,0.533,0.8,2.1,0.357,2.8,4.5,0.617,0.591,1.0,1.6,0.634,1.0,2.7,3.8,1.3,0.4,0.5,0.8,1.4,8.8
481,Garrison Mathews,SG,65,26.3,2.8,7.1,0.399,2.1,5.9,0.36,0.7,1.2,0.6,0.55,2.2,2.8,0.794,0.5,2.4,2.9,1.0,0.9,0.4,0.6,2.6,10.0
483,Wesley Matthews,SG,49,20.4,1.8,4.5,0.395,1.1,3.2,0.338,0.7,1.3,0.54,0.516,0.4,0.6,0.786,0.6,1.3,1.9,0.7,0.5,0.2,0.4,1.8,5.1
484,Tyrese Maxey,PG,75,35.3,6.4,13.3,0.485,1.8,4.1,0.427,4.7,9.1,0.512,0.552,2.8,3.3,0.866,0.3,2.9,3.2,4.3,0.7,0.4,1.2,2.1,17.5
485,Skylar Mays,SG,28,7.9,1.1,2.3,0.5,0.3,0.9,0.32,0.9,1.4,0.615,0.563,0.3,0.3,0.889,0.2,0.7,0.9,0.6,0.3,0.0,0.4,0.3,2.9
486,Miles McBride,PG,40,9.3,0.8,2.7,0.296,0.4,1.7,0.25,0.4,1.0,0.375,0.375,0.2,0.3,0.667,0.1,1.0,1.1,1.0,0.4,0.0,0.1,1.1,2.2
490,CJ McCollum,SG,62,34.6,8.6,18.8,0.46,2.9,7.6,0.388,5.7,11.2,0.509,0.539,1.9,2.7,0.682,0.9,3.5,4.3,5.1,1.1,0.4,2.0,2.0,22.1
493,T.J. McConnell,PG,27,24.1,3.7,7.7,0.481,0.4,1.2,0.303,3.3,6.5,0.514,0.505,0.7,0.9,0.826,0.7,2.6,3.3,4.9,1.1,0.4,1.1,2.0,8.5
494,Jaden McDaniels,PF,70,25.8,3.6,7.9,0.46,1.1,3.6,0.317,2.5,4.3,0.579,0.532,0.8,1.0,0.803,1.1,3.1,4.2,1.1,0.7,0.8,1.1,3.2,9.2
495,Jalen McDaniels,SF,55,16.3,2.2,4.6,0.484,0.7,2.0,0.38,1.5,2.7,0.562,0.565,1.0,1.3,0.736,0.7,2.4,3.1,1.1,0.5,0.4,0.7,1.7,6.2
496,Doug McDermott,PF,51,24.0,4.2,9.1,0.462,2.1,5.0,0.422,2.1,4.1,0.512,0.578,0.8,1.0,0.784,0.4,1.9,2.3,1.3,0.3,0.1,0.8,1.5,11.3
497,JaVale McGee,C,74,15.8,3.9,6.2,0.629,0.0,0.1,0.222,3.9,6.1,0.637,0.631,1.4,2.0,0.699,2.2,4.5,6.7,0.6,0.3,1.1,1.3,2.4,9.2
499,Rodney McGruder,SG,51,14.8,1.9,4.4,0.436,1.1,2.9,0.397,0.8,1.5,0.506,0.564,0.4,0.5,0.731,0.6,1.6,2.2,0.9,0.4,0.1,0.5,1.1,5.4
500,Alfonzo McKinnie,SF,17,12.1,1.4,3.6,0.393,0.5,1.6,0.333,0.9,2.0,0.441,0.467,0.1,0.5,0.25,0.8,1.2,1.9,0.3,0.1,0.2,0.4,1.5,3.5
502,Jordan McLaughlin,PG,62,14.5,1.4,3.2,0.44,0.4,1.4,0.318,1.0,1.9,0.53,0.508,0.5,0.6,0.75,0.4,1.2,1.5,2.9,0.9,0.2,0.6,0.9,3.8
503,Ben McLemore,SG,64,20.1,3.4,8.4,0.401,2.4,6.5,0.362,1.0,1.9,0.533,0.541,1.1,1.4,0.818,0.2,1.4,1.6,0.9,0.6,0.2,0.9,1.6,10.2
504,De'Anthony Melton,SG,73,22.7,3.8,9.5,0.404,1.9,5.1,0.374,1.9,4.4,0.44,0.504,1.2,1.6,0.75,0.9,3.6,4.5,2.7,1.4,0.5,1.5,1.8,10.8
506,Chimezie Metu,C,60,21.3,3.4,7.5,0.452,1.0,3.1,0.306,2.4,4.4,0.555,0.516,1.2,1.5,0.78,0.6,5.0,5.6,1.0,0.9,0.5,1.0,1.6,8.9
507,Khris Middleton,SF,66,32.4,6.8,15.5,0.443,2.5,6.6,0.373,4.4,8.9,0.494,0.522,3.9,4.4,0.89,0.6,4.8,5.4,5.4,1.2,0.3,2.9,2.4,20.1
509,Patty Mills,PG,81,29.0,4.0,9.8,0.408,2.8,7.0,0.4,1.2,2.8,0.429,0.551,0.6,0.7,0.814,0.2,1.7,1.9,2.3,0.6,0.2,0.9,1.4,11.4
510,Paul Millsap,PF,33,11.4,1.4,3.5,0.391,0.2,1.1,0.229,1.1,2.4,0.463,0.426,0.5,0.7,0.708,1.2,2.2,3.5,0.9,0.3,0.4,0.6,2.0,3.5
513,Shake Milton,PG,55,21.4,3.1,7.3,0.429,0.8,2.4,0.323,2.4,4.9,0.481,0.483,1.1,1.3,0.836,0.5,2.0,2.6,2.5,0.5,0.3,0.8,1.8,8.2
514,Davion Mitchell,PG,75,27.7,4.7,11.2,0.418,1.3,4.3,0.316,3.3,7.0,0.48,0.477,0.7,1.1,0.659,0.4,1.8,2.2,4.2,0.7,0.3,1.5,1.9,11.5
515,Donovan Mitchell,SG,67,33.8,9.2,20.5,0.448,3.5,9.8,0.355,5.7,10.8,0.533,0.533,4.0,4.7,0.853,0.8,3.4,4.2,5.3,1.5,0.2,3.0,2.4,25.9
516,Evan Mobley,PF,69,33.8,6.1,12.0,0.508,0.3,1.3,0.25,5.8,10.7,0.541,0.522,2.4,3.7,0.663,2.1,6.2,8.3,2.5,0.8,1.7,1.9,2.1,15.0
517,Malik Monk,SG,76,28.1,5.1,10.9,0.473,2.3,5.8,0.391,2.9,5.1,0.568,0.578,1.2,1.5,0.795,0.5,2.9,3.4,2.9,0.8,0.4,1.6,1.8,13.8
518,Greg Monroe,C,14,13.9,2.3,4.1,0.561,0.0,0.0,0.0,2.3,4.1,0.561,0.561,0.9,1.6,0.522,2.1,2.4,4.6,1.6,0.6,0.7,0.9,1.7,5.4
523,Moses Moody,SG,52,11.7,1.5,3.5,0.437,0.8,2.1,0.364,0.8,1.4,0.548,0.546,0.5,0.7,0.778,0.3,1.2,1.5,0.4,0.1,0.2,0.3,0.8,4.4
524,Xavier Moon,SG,10,13.7,2.5,5.1,0.49,0.5,1.4,0.357,2.0,3.7,0.541,0.539,0.3,0.5,0.6,0.2,1.2,1.4,2.4,0.7,0.3,0.6,0.9,5.8
526,Ja Morant,PG,57,33.1,10.2,20.6,0.493,1.5,4.5,0.344,8.6,16.2,0.534,0.53,5.5,7.3,0.761,1.4,4.4,5.7,6.7,1.2,0.4,3.4,1.5,27.4
531,Marcus Morris,PF,54,29.0,5.6,12.8,0.434,1.9,5.1,0.367,3.7,7.7,0.478,0.507,2.4,2.7,0.872,0.5,3.9,4.4,2.1,0.5,0.3,1.3,2.1,15.4
532,Markieff Morris,PF,17,17.5,3.2,6.7,0.474,0.8,2.3,0.333,2.4,4.4,0.547,0.531,0.5,0.5,0.889,1.0,1.6,2.6,1.4,0.4,0.1,1.2,1.9,7.6
533,Monte Morris,PG,75,29.9,5.0,10.3,0.484,1.7,4.2,0.395,3.3,6.1,0.545,0.564,1.0,1.1,0.869,0.4,2.7,3.0,4.4,0.7,0.2,1.0,1.2,12.6
535,Mychal Mulder,PG,17,14.1,1.4,4.5,0.312,1.0,3.2,0.315,0.4,1.4,0.304,0.422,0.2,0.2,1.0,0.1,1.3,1.4,0.3,0.2,0.1,0.5,0.8,4.1
539,Trey Murphy III,SF,62,13.9,1.8,4.5,0.394,1.1,3.0,0.382,0.6,1.5,0.418,0.522,0.7,0.8,0.882,0.8,1.6,2.4,0.6,0.4,0.1,0.3,1.0,5.4
540,Dejounte Murray,PG,68,34.8,8.4,18.3,0.462,1.4,4.3,0.327,7.0,13.9,0.504,0.5,2.9,3.6,0.794,1.2,7.1,8.3,9.2,2.0,0.3,2.6,2.0,21.1
541,Mike Muscala,C,43,13.8,2.6,5.8,0.456,1.6,3.8,0.429,1.0,2.0,0.506,0.597,1.1,1.3,0.842,0.5,2.5,3.0,0.5,0.4,0.6,0.3,1.3,8.0
542,Svi Mykhailiuk,SF,56,12.8,1.6,4.2,0.389,0.7,2.4,0.306,0.9,1.8,0.5,0.476,0.6,0.7,0.865,0.4,1.3,1.6,0.8,0.5,0.1,0.6,1.0,4.6
543,Abdel Nader,SF,14,10.4,0.9,2.5,0.343,0.3,1.0,0.286,0.6,1.5,0.381,0.4,0.4,0.7,0.6,0.3,1.6,1.9,0.5,0.6,0.3,0.8,1.4,2.4
544,Larry Nance Jr.,PF,46,22.6,2.8,5.4,0.522,0.5,1.5,0.329,2.3,3.8,0.599,0.569,0.9,1.2,0.702,1.6,3.8,5.4,1.8,0.9,0.4,0.8,1.8,7.0
547,RJ Nembhard Jr.,SG,14,4.5,0.4,1.3,0.333,0.0,0.1,0.0,0.4,1.1,0.375,0.333,0.2,0.3,0.75,0.2,0.3,0.5,0.9,0.1,0.0,0.2,0.1,1.1
548,Aaron Nesmith,SF,52,11.0,1.4,3.5,0.396,0.6,2.2,0.27,0.8,1.3,0.612,0.481,0.4,0.5,0.808,0.3,1.4,1.7,0.4,0.4,0.1,0.6,1.3,3.8
549,Raul Neto,PG,70,19.6,2.9,6.3,0.463,0.5,1.7,0.292,2.4,4.6,0.526,0.502,1.2,1.5,0.769,0.2,1.7,1.9,3.1,0.8,0.0,1.1,1.5,7.5
551,Georges Niang,PF,76,22.8,3.2,7.4,0.437,2.1,5.1,0.403,1.2,2.3,0.511,0.575,0.7,0.8,0.881,0.3,2.3,2.7,1.3,0.4,0.2,0.8,2.5,9.2
552,Daishen Nix,SG,24,10.9,1.1,2.8,0.403,0.3,1.1,0.269,0.8,1.7,0.488,0.455,0.7,1.3,0.533,0.3,1.1,1.4,1.7,0.6,0.0,1.1,0.9,3.2
553,Zeke Nnaji,PF,41,17.0,2.3,4.5,0.516,0.9,2.0,0.463,1.4,2.6,0.557,0.616,1.0,1.6,0.631,1.4,2.2,3.6,0.4,0.4,0.3,0.6,1.9,6.6
554,Nerlens Noel,C,25,22.5,1.3,2.4,0.533,0.0,0.1,0.0,1.3,2.3,0.561,0.533,0.8,1.2,0.7,1.9,3.7,5.6,0.9,1.2,1.2,0.8,2.7,3.4
555,Jaylen Nowell,SG,62,15.7,3.2,6.7,0.475,1.0,2.6,0.394,2.1,4.1,0.526,0.551,1.2,1.5,0.783,0.4,1.6,2.0,2.1,0.4,0.2,0.6,1.2,8.5
556,Frank Ntilikina,PG,58,11.8,1.5,3.8,0.399,0.7,1.9,0.342,0.9,1.9,0.455,0.484,0.4,0.4,0.96,0.2,1.2,1.4,1.2,0.5,0.1,0.5,1.1,4.1
557,Jusuf Nurki?,C,56,28.2,5.7,10.7,0.535,0.3,1.0,0.268,5.5,9.7,0.563,0.548,3.3,4.8,0.69,3.0,8.1,11.1,2.8,1.1,0.6,2.6,3.4,15.0
558,David Nwaba,SF,46,13.2,1.8,3.8,0.483,0.3,1.1,0.306,1.5,2.8,0.551,0.526,1.0,1.5,0.716,0.9,2.4,3.3,0.8,0.6,0.4,0.5,1.2,5.1
559,Jordan Nwora,SF,62,19.1,3.0,7.5,0.403,1.3,3.7,0.348,1.7,3.8,0.455,0.488,0.6,0.7,0.837,0.6,3.0,3.6,1.0,0.4,0.3,0.9,1.3,7.9
560,Royce O'Neale,SF,77,31.2,2.6,5.8,0.457,1.5,4.0,0.389,1.1,1.8,0.609,0.591,0.6,0.7,0.804,0.8,3.9,4.8,2.5,1.1,0.4,1.0,2.4,7.4
561,Semi Ojeleye,PF,30,13.5,1.0,3.3,0.303,0.5,1.7,0.3,0.5,1.6,0.306,0.379,0.8,1.0,0.793,0.9,1.6,2.5,0.3,0.2,0.2,0.3,1.0,3.3
564,Chuma Okeke,PF,70,25.0,3.1,8.2,0.376,1.7,5.3,0.318,1.4,2.9,0.48,0.478,0.8,0.9,0.846,0.7,4.3,5.0,1.7,1.4,0.6,0.8,1.4,8.6
565,Josh Okogie,SG,49,10.5,0.9,2.1,0.404,0.3,1.0,0.298,0.6,1.2,0.491,0.471,0.7,1.0,0.686,0.6,0.8,1.4,0.5,0.5,0.2,0.5,1.1,2.7
566,Onyeka Okongwu,C,48,20.7,3.3,4.7,0.69,0.0,0.0,0.0,3.3,4.7,0.69,0.69,1.7,2.3,0.727,2.4,3.5,5.9,1.1,0.6,1.3,0.9,3.1,8.2
567,Isaac Okoro,SF,67,29.6,3.1,6.4,0.48,0.8,2.3,0.35,2.3,4.1,0.555,0.544,1.8,2.3,0.768,1.1,1.9,3.0,1.8,0.8,0.3,0.9,2.4,8.8
568,KZ Okpala,PF,21,11.6,1.4,3.3,0.435,0.4,1.2,0.346,1.0,2.0,0.488,0.5,0.4,0.5,0.727,0.5,1.4,2.0,0.7,0.2,0.3,0.2,1.2,3.7
571,Kelly Olynyk,C,40,19.1,3.2,7.2,0.448,1.0,3.0,0.336,2.2,4.2,0.527,0.517,1.7,2.2,0.775,1.4,3.1,4.4,2.8,0.8,0.5,1.5,2.5,9.1
573,Miye Oni,SG,16,2.8,0.1,0.6,0.222,0.1,0.5,0.125,0.1,0.1,1.0,0.278,0.0,0.1,0.0,0.1,0.4,0.4,0.3,0.0,0.0,0.1,0.4,0.3
574,Cedi Osman,SF,66,22.2,3.7,8.7,0.432,1.9,5.4,0.357,1.8,3.2,0.559,0.544,1.3,2.0,0.664,0.4,1.8,2.2,2.0,0.8,0.2,1.0,1.9,10.7
576,Kelly Oubre Jr.,SF,76,26.3,5.4,12.3,0.44,2.5,7.3,0.345,2.9,5.0,0.578,0.542,1.7,2.5,0.667,1.0,2.9,4.0,1.1,1.0,0.4,0.9,2.5,15.0
579,Kevin Pangos,PG,24,6.9,0.6,1.9,0.326,0.3,1.1,0.231,0.4,0.8,0.45,0.391,0.1,0.2,0.75,0.1,0.4,0.5,1.3,0.1,0.0,0.3,0.5,1.6
580,Jabari Parker,PF,12,9.3,1.5,3.2,0.474,0.7,1.3,0.5,0.8,1.8,0.455,0.579,0.8,0.8,1.0,0.4,1.9,2.3,0.5,0.3,0.1,0.7,1.1,4.4
581,Eric Paschall,PF,58,12.7,2.0,4.1,0.485,0.7,1.9,0.37,1.3,2.2,0.583,0.57,1.1,1.5,0.767,0.5,1.3,1.8,0.6,0.2,0.1,0.5,0.9,5.8
582,Chris Paul,PG,65,32.9,5.6,11.3,0.493,1.0,3.1,0.317,4.6,8.3,0.559,0.536,2.6,3.1,0.837,0.3,4.0,4.4,10.8,1.9,0.3,2.4,2.1,14.7
583,Cameron Payne,PG,58,22.0,4.1,10.1,0.409,1.2,3.6,0.336,2.9,6.5,0.449,0.469,1.3,1.5,0.843,0.4,2.6,3.0,4.9,0.7,0.3,1.8,2.1,10.8
584,Elfrid Payton,PG,50,11.0,1.3,3.5,0.383,0.1,0.4,0.222,1.3,3.1,0.401,0.394,0.2,0.6,0.375,0.4,1.3,1.8,2.0,0.5,0.1,0.9,0.8,3.0
585,Gary Payton II,PG,71,17.6,3.0,4.8,0.616,0.6,1.7,0.358,2.4,3.2,0.754,0.679,0.5,0.8,0.603,1.0,2.5,3.5,0.9,1.4,0.3,0.6,1.8,7.1
587,Reggie Perry,PF,10,18.7,4.0,7.9,0.506,0.3,1.6,0.188,3.7,6.3,0.587,0.525,0.9,1.5,0.6,1.5,3.2,4.7,1.2,0.9,0.6,1.1,3.3,9.2
590,Jamorko Pickett,PF,13,13.5,1.4,3.8,0.36,1.0,3.0,0.333,0.4,0.8,0.455,0.49,0.1,0.2,0.5,0.5,2.0,2.5,0.5,0.0,0.5,0.4,0.9,3.8
591,Theo Pinson,SF,19,7.8,0.7,2.1,0.359,0.5,1.6,0.333,0.2,0.5,0.444,0.487,0.5,0.5,1.0,0.1,1.0,1.1,0.9,0.3,0.1,0.3,0.6,2.5
592,Mason Plumlee,C,73,24.6,2.8,4.4,0.641,0.0,0.0,0.0,2.8,4.4,0.645,0.641,0.9,2.3,0.392,2.4,5.3,7.7,3.1,0.8,0.7,1.4,3.1,6.5
593,Jakob Poeltl,C,68,29.0,6.0,9.8,0.618,0.0,0.0,1.0,6.0,9.7,0.618,0.619,1.4,2.8,0.495,3.9,5.5,9.3,2.8,0.7,1.7,1.6,3.1,13.5
594,Aleksej Pokusevski,PF,61,20.2,3.0,7.5,0.408,0.9,3.2,0.289,2.1,4.2,0.498,0.47,0.6,0.8,0.7,1.2,4.0,5.2,2.1,0.6,0.6,1.5,1.4,7.6
595,Yves Pons,SF,12,5.9,0.4,1.3,0.313,0.3,0.8,0.333,0.2,0.6,0.286,0.406,0.0,0.2,0.0,0.4,0.6,1.0,0.1,0.1,0.3,0.1,0.5,1.1
596,Jordan Poole,SG,76,30.0,6.2,13.9,0.448,2.8,7.6,0.364,3.5,6.3,0.55,0.548,3.2,3.5,0.925,0.4,3.0,3.4,4.0,0.8,0.3,2.5,2.7,18.5
597,Kevin Porter Jr.,PG,61,31.3,5.5,13.2,0.415,2.5,6.8,0.375,3.0,6.5,0.456,0.511,2.0,3.2,0.642,0.7,3.7,4.4,6.2,1.1,0.4,3.1,2.6,15.6
599,Otto Porter Jr.,PF,63,22.2,3.1,6.6,0.464,1.3,3.4,0.37,1.8,3.2,0.565,0.56,0.8,1.0,0.803,1.4,4.4,5.7,1.5,1.1,0.5,0.6,1.3,8.2
600,Bobby Portis,C,72,28.2,5.8,12.1,0.479,1.8,4.7,0.393,3.9,7.4,0.533,0.555,1.2,1.6,0.752,2.5,6.6,9.1,1.2,0.7,0.7,1.3,2.4,14.6
601,Kristaps Porzi??is,PF,51,29.0,6.9,15.0,0.459,1.5,4.9,0.31,5.4,10.1,0.532,0.51,4.9,5.6,0.867,2.0,6.1,8.1,2.3,0.7,1.6,1.6,2.7,20.2
605,Dwight Powell,C,82,21.9,3.3,4.9,0.671,0.2,0.5,0.351,3.1,4.4,0.703,0.687,2.0,2.6,0.783,2.1,2.8,4.9,1.2,0.5,0.5,0.8,2.7,8.7
606,Myles Powell,PG,11,4.7,0.5,1.5,0.294,0.1,0.5,0.167,0.4,1.0,0.364,0.324,0.2,0.2,1.0,0.1,0.5,0.5,0.3,0.1,0.0,0.3,0.7,1.2
607,Norman Powell,SF-SG,45,32.4,6.2,13.4,0.461,2.4,5.6,0.419,3.8,7.8,0.491,0.549,4.2,5.2,0.811,0.4,2.8,3.2,2.1,0.9,0.5,1.5,2.4,19.0
610,Joshua Primo,SG,50,19.3,2.0,5.4,0.374,0.8,2.7,0.307,1.2,2.7,0.444,0.452,0.9,1.2,0.746,0.6,1.6,2.3,1.6,0.4,0.5,1.1,1.6,5.8
611,Taurean Prince,PF,69,17.1,2.6,5.7,0.454,1.2,3.3,0.376,1.3,2.3,0.565,0.564,0.9,1.2,0.756,0.4,2.1,2.5,1.0,0.7,0.3,0.8,1.7,7.3
612,Payton Pritchard,SG,71,14.1,2.3,5.3,0.429,1.4,3.5,0.412,0.8,1.8,0.461,0.564,0.3,0.3,1.0,0.5,1.4,1.9,2.0,0.4,0.1,0.6,0.9,6.2
613,Trevelin Queen,SG,10,7.4,1.5,3.3,0.455,0.9,2.4,0.375,0.6,0.9,0.667,0.591,0.4,0.4,1.0,0.7,0.9,1.6,0.4,0.5,0.1,0.7,0.6,4.3
614,Neemias Queta,C,14,8.6,1.2,2.7,0.447,0.0,0.0,0.0,1.2,2.7,0.447,0.447,0.8,1.2,0.647,1.0,1.2,2.2,0.4,0.1,0.6,0.4,1.3,3.2
615,Immanuel Quickley,PG,78,23.1,3.6,9.3,0.392,1.8,5.1,0.346,1.9,4.2,0.448,0.487,2.3,2.6,0.881,0.4,2.8,3.2,3.5,0.7,0.0,1.3,2.1,11.3
616,Jahmi'us Ramsey,SG,19,7.1,1.3,3.1,0.414,0.3,0.9,0.278,1.0,2.1,0.475,0.457,0.4,0.7,0.5,0.2,0.5,0.7,0.4,0.1,0.1,0.3,0.5,3.2
617,Julius Randle,PF,72,35.3,7.1,17.3,0.411,1.7,5.4,0.308,5.4,11.9,0.458,0.459,4.2,5.6,0.756,1.7,8.2,9.9,5.1,0.7,0.5,3.4,2.8,20.1
618,Austin Reaves,SG,61,23.2,2.4,5.2,0.459,0.9,2.7,0.317,1.5,2.5,0.616,0.542,1.6,1.9,0.839,0.7,2.4,3.2,1.8,0.5,0.3,0.7,1.4,7.3
619,Cam Reddish,SF,49,20.7,3.4,8.3,0.404,1.3,3.8,0.359,2.0,4.6,0.442,0.485,2.1,2.3,0.902,0.5,1.6,2.1,1.0,1.0,0.3,1.2,1.2,10.1
622,Davon Reed,SG,48,13.9,1.7,3.4,0.503,0.8,1.8,0.43,0.9,1.6,0.587,0.618,0.2,0.3,0.667,0.3,2.0,2.3,1.1,0.5,0.2,0.3,1.3,4.4
623,Paul Reed,C,38,7.9,1.4,2.5,0.563,0.1,0.2,0.25,1.4,2.3,0.591,0.573,0.2,0.4,0.429,1.2,1.3,2.4,0.4,0.9,0.4,0.3,1.5,3.1
624,Naz Reid,C,77,15.8,3.0,6.2,0.489,0.7,2.2,0.343,2.3,4.0,0.568,0.549,1.5,1.9,0.765,1.3,2.6,3.9,0.9,0.5,0.9,1.1,2.2,8.3
625,Nick Richards,C,50,7.3,1.2,1.8,0.667,0.0,0.0,0.0,1.2,1.8,0.667,0.667,0.6,0.9,0.698,0.7,1.0,1.7,0.3,0.2,0.4,0.5,1.0,3.0
626,Josh Richardson,SG,65,24.6,3.6,8.2,0.438,1.6,3.8,0.415,2.0,4.4,0.458,0.534,1.5,1.7,0.889,0.6,2.2,2.8,1.8,0.9,0.4,1.0,1.8,10.2
629,Austin Rivers,SG,67,22.1,2.2,5.2,0.417,1.2,3.4,0.342,1.0,1.8,0.563,0.53,0.5,0.7,0.727,0.3,1.4,1.7,1.3,0.8,0.1,0.8,1.8,6.0
630,Duncan Robinson,SG,79,25.9,3.7,9.2,0.399,2.9,7.9,0.372,0.7,1.3,0.569,0.559,0.6,0.8,0.836,0.3,2.3,2.6,1.6,0.5,0.2,0.8,2.5,10.9
631,Justin Robinson,PG,25,12.2,1.1,3.7,0.301,0.7,2.4,0.295,0.4,1.3,0.313,0.398,0.2,0.3,0.5,0.2,0.7,0.8,1.3,0.4,0.0,0.7,1.1,3.1
635,Mitchell Robinson,C,72,25.7,3.6,4.8,0.761,0.0,0.0,0.0,3.6,4.8,0.761,0.761,1.2,2.5,0.486,4.1,4.5,8.6,0.5,0.8,1.8,0.8,2.7,8.5
636,Jeremiah Robinson-Earl,C,49,22.2,2.7,6.6,0.414,1.2,3.4,0.352,1.6,3.2,0.478,0.503,0.8,1.1,0.741,1.5,4.1,5.6,1.0,0.6,0.3,0.8,1.5,7.5
637,Isaiah Roby,PF,45,21.1,3.7,7.2,0.514,1.0,2.2,0.444,2.7,5.0,0.545,0.582,1.7,2.6,0.672,1.7,3.2,4.8,1.6,0.8,0.8,1.0,2.4,10.1
638,Rajon Rondo,PG,39,17.9,1.7,4.5,0.386,0.8,2.3,0.352,0.9,2.3,0.42,0.474,0.5,0.7,0.731,0.4,2.4,2.8,4.4,0.8,0.2,1.7,1.4,4.8
641,Derrick Rose,PG,26,24.5,4.7,10.5,0.445,1.4,3.5,0.402,3.3,7.0,0.467,0.513,1.2,1.2,0.968,0.8,2.2,3.0,4.0,0.8,0.5,1.5,0.6,12.0
642,Terrence Ross,SG,63,23.0,3.5,8.8,0.397,1.2,4.2,0.292,2.3,4.6,0.493,0.467,1.8,2.1,0.862,0.3,2.2,2.6,1.8,0.4,0.2,1.2,1.1,10.0
643,Terry Rozier,SG,73,33.7,7.1,16.0,0.444,3.0,8.1,0.374,4.1,7.9,0.516,0.539,2.1,2.4,0.852,0.8,3.5,4.3,4.5,1.3,0.3,1.3,1.6,19.3
644,Ricky Rubio,PG,34,28.5,4.4,12.1,0.363,1.7,5.1,0.339,2.6,7.0,0.38,0.434,2.6,3.0,0.854,0.4,3.7,4.1,6.6,1.4,0.2,2.6,2.2,13.1
645,D'Angelo Russell,PG,65,32.0,6.2,15.0,0.411,2.7,8.0,0.34,3.5,7.0,0.492,0.502,3.0,3.7,0.825,0.4,2.9,3.3,7.1,1.0,0.3,2.5,2.0,18.1
647,Domantas Sabonis,C-PF,62,34.5,7.1,12.5,0.573,0.6,2.0,0.312,6.5,10.5,0.623,0.598,4.0,5.4,0.741,3.2,8.9,12.1,5.2,1.0,0.4,3.1,3.3,18.9
650,Olivier Sarr,C,22,19.1,2.6,4.6,0.574,0.6,1.3,0.448,2.0,3.3,0.625,0.639,1.1,1.3,0.828,1.5,2.7,4.2,0.9,0.3,0.7,1.0,2.4,7.0
651,Tomá Satoransk?,SG,55,16.5,1.3,3.5,0.377,0.2,1.0,0.208,1.1,2.5,0.442,0.406,0.8,1.0,0.796,0.5,1.8,2.3,3.3,0.5,0.1,0.8,1.3,3.6
656,Admiral Schofield,SF,38,12.3,1.4,3.4,0.419,0.7,2.1,0.329,0.7,1.3,0.56,0.519,0.3,0.4,0.8,0.4,1.9,2.3,0.7,0.1,0.1,0.6,1.5,3.8
657,Dennis Schröder,SG-PG,64,28.7,4.9,11.3,0.431,1.3,3.9,0.344,3.5,7.4,0.477,0.49,2.5,2.9,0.853,0.5,2.8,3.3,4.6,0.8,0.1,2.2,2.4,13.5
661,Jay Scrubb,SG,18,6.7,1.0,2.6,0.391,0.3,1.2,0.286,0.7,1.4,0.48,0.457,0.4,0.6,0.7,0.1,0.8,0.9,0.4,0.2,0.2,0.4,0.5,2.7
663,Alperen Þengün,C,72,20.7,3.5,7.3,0.474,0.4,1.6,0.248,3.1,5.7,0.539,0.502,2.3,3.2,0.711,1.9,3.5,5.5,2.6,0.8,0.9,2.0,3.0,9.6
664,Collin Sexton,SG,11,28.7,6.2,13.7,0.45,1.0,4.1,0.244,5.2,9.6,0.538,0.487,2.6,3.5,0.744,1.2,2.1,3.3,2.1,0.9,0.0,2.8,2.3,16.0
665,Landry Shamet,SG,69,20.8,2.8,7.0,0.394,1.8,4.8,0.368,1.0,2.2,0.45,0.521,1.0,1.2,0.84,0.2,1.6,1.8,1.6,0.4,0.1,0.6,1.3,8.3
666,Day'Ron Sharpe,PF,32,12.2,2.7,4.7,0.577,0.1,0.2,0.286,2.6,4.4,0.592,0.584,0.8,1.3,0.585,2.5,2.5,5.0,0.5,0.3,0.5,0.9,1.9,6.2
667,Pascal Siakam,PF,68,37.9,8.8,17.8,0.494,1.1,3.2,0.344,7.7,14.5,0.527,0.525,4.2,5.6,0.749,1.9,6.6,8.5,5.3,1.3,0.6,2.7,3.3,22.8
668,Chris Silva,PF,10,9.1,0.8,1.5,0.533,0.0,0.0,0.0,0.8,1.5,0.533,0.533,1.0,1.2,0.833,1.3,2.3,3.6,0.7,0.0,0.1,0.8,2.0,2.6
672,Anfernee Simons,SG,57,29.5,6.2,14.0,0.443,3.1,7.8,0.405,3.1,6.2,0.49,0.555,1.8,2.0,0.888,0.5,2.2,2.6,3.9,0.5,0.1,2.0,1.9,17.3
674,Jericho Sims,PF,41,13.5,1.0,1.3,0.722,0.0,0.0,0.0,1.0,1.3,0.722,0.722,0.3,0.7,0.414,1.5,2.6,4.1,0.5,0.3,0.5,0.5,1.6,2.2
676,Javonte Smart,PG,17,11.8,1.1,3.5,0.317,0.5,1.6,0.296,0.6,1.9,0.333,0.383,0.3,0.4,0.833,0.3,1.1,1.4,0.9,0.4,0.2,0.6,0.7,3.0
679,Marcus Smart,PG,71,32.3,4.2,10.1,0.418,1.7,5.1,0.331,2.5,5.0,0.506,0.501,2.0,2.5,0.793,0.6,3.2,3.8,5.9,1.7,0.3,2.2,2.3,12.1
680,Dennis Smith Jr.,PG,37,17.2,2.1,5.1,0.418,0.2,0.7,0.222,2.0,4.4,0.451,0.434,1.1,1.7,0.656,0.5,1.8,2.4,3.6,1.2,0.3,1.4,1.4,5.6
681,Ish Smith,PG,65,17.3,2.8,6.6,0.43,0.4,1.0,0.373,2.5,5.6,0.441,0.459,0.2,0.4,0.625,0.4,1.8,2.2,3.8,0.7,0.4,1.2,1.2,6.3
684,Jalen Smith,PF,51,18.1,3.5,6.9,0.503,0.8,2.4,0.328,2.7,4.5,0.596,0.56,1.5,2.0,0.765,2.0,4.0,6.0,0.5,0.3,0.8,0.8,1.9,9.2
690,Tony Snell,SG,53,15.5,1.3,3.2,0.404,0.8,2.4,0.352,0.5,0.8,0.558,0.535,0.1,0.1,1.0,0.3,1.6,1.9,0.5,0.3,0.2,0.4,1.3,3.5
698,Lance Stephenson,SG-SF,46,17.7,3.2,7.0,0.455,0.6,2.0,0.3,2.6,5.1,0.515,0.497,1.4,1.7,0.788,0.3,2.5,2.8,3.6,0.5,0.1,1.6,2.1,8.3
701,Lamar Stevens,PF,63,16.1,2.5,5.1,0.489,0.3,1.0,0.277,2.2,4.0,0.543,0.517,0.8,1.2,0.707,0.7,1.9,2.6,0.7,0.5,0.3,0.7,1.7,6.1
702,Isaiah Stewart,C,71,25.6,3.5,6.9,0.51,0.2,0.6,0.326,3.3,6.3,0.529,0.526,1.0,1.5,0.718,3.2,5.5,8.7,1.2,0.3,1.1,1.2,3.0,8.3
703,Max Strus,SF,68,23.3,3.7,8.3,0.441,2.7,6.5,0.41,1.0,1.8,0.557,0.602,0.6,0.8,0.792,0.4,2.6,3.0,1.4,0.4,0.2,0.8,1.7,10.6
704,Jalen Suggs,PG,48,27.2,4.1,11.4,0.361,0.9,4.1,0.214,3.3,7.3,0.443,0.4,2.6,3.4,0.773,0.5,3.0,3.6,4.4,1.2,0.4,3.0,3.0,11.8
706,Keifer Sykes,PG,32,17.7,2.2,5.9,0.363,0.8,2.8,0.3,1.3,3.1,0.42,0.434,0.5,0.5,0.882,0.3,1.2,1.4,1.9,0.4,0.1,1.0,1.6,5.6
707,Jae'Sean Tate,SF,78,26.4,4.7,9.3,0.498,0.8,2.6,0.312,3.8,6.8,0.569,0.541,1.7,2.4,0.707,1.7,3.7,5.4,2.8,0.9,0.5,1.8,3.7,11.8
708,Jayson Tatum,SF,76,35.9,9.3,20.6,0.453,3.0,8.6,0.353,6.3,12.0,0.524,0.526,5.3,6.2,0.853,1.1,6.9,8.0,4.4,1.0,0.6,2.9,2.3,26.9
709,Terry Taylor,SG,33,21.6,4.1,6.7,0.614,0.4,1.2,0.316,3.7,5.5,0.676,0.641,1.1,1.5,0.706,2.9,2.3,5.2,1.2,0.4,0.2,0.7,1.8,9.6
710,Garrett Temple,SG,59,18.6,1.9,5.0,0.376,1.0,3.1,0.319,0.9,1.9,0.473,0.476,0.5,0.7,0.683,0.5,1.9,2.4,1.3,0.7,0.4,0.7,1.4,5.2
714,Daniel Theis,C,47,20.8,3.2,6.2,0.519,0.7,2.3,0.308,2.5,3.9,0.641,0.576,1.0,1.5,0.681,1.3,3.6,4.9,0.9,0.4,0.7,1.0,2.4,8.2
717,Brodric Thomas,SG,12,5.0,0.7,1.5,0.444,0.2,0.8,0.222,0.5,0.8,0.667,0.5,0.3,0.4,0.6,0.2,0.7,0.8,0.9,0.1,0.1,0.5,0.6,1.8
718,Cam Thomas,SG,67,17.6,3.3,7.5,0.433,0.7,2.6,0.27,2.6,4.9,0.52,0.48,1.3,1.6,0.829,0.2,2.2,2.4,1.2,0.5,0.1,0.8,1.0,8.5
719,Isaiah Thomas,PG,22,15.1,3.0,7.6,0.401,1.3,3.8,0.337,1.8,3.8,0.464,0.485,1.0,1.2,0.846,0.2,1.1,1.3,1.5,0.3,0.2,0.7,1.5,8.4
723,Matt Thomas,SG,40,11.5,1.4,3.4,0.41,0.9,2.3,0.385,0.5,1.1,0.465,0.541,0.4,0.5,0.8,0.1,1.2,1.3,0.5,0.2,0.1,0.2,0.5,4.0
724,Klay Thompson,SG,32,29.4,7.7,17.9,0.429,3.6,9.3,0.385,4.1,8.7,0.477,0.529,1.4,1.6,0.902,0.5,3.4,3.9,2.8,0.5,0.5,1.3,1.7,20.4
725,Tristan Thompson,PF,57,15.7,2.5,4.7,0.528,0.0,0.1,0.333,2.5,4.6,0.53,0.53,1.1,2.0,0.526,2.1,2.9,5.1,0.6,0.4,0.4,0.8,1.7,6.0
729,JT Thor,PF,33,7.9,0.7,1.7,0.436,0.2,0.8,0.259,0.5,0.8,0.607,0.5,0.4,0.6,0.6,0.3,1.0,1.3,0.6,0.2,0.3,0.3,0.8,2.0
730,Matisse Thybulle,SG,66,25.5,2.3,4.5,0.5,0.7,2.2,0.313,1.6,2.4,0.673,0.575,0.5,0.7,0.791,0.6,1.7,2.3,1.1,1.7,1.1,0.6,2.4,5.7
731,Killian Tillie,C,36,12.8,1.2,3.5,0.339,0.8,2.4,0.314,0.4,1.1,0.39,0.445,0.1,0.2,0.625,0.6,1.1,1.7,0.6,0.6,0.4,0.4,1.6,3.3
732,Xavier Tillman Sr.,PF,53,13.2,1.8,4.1,0.454,0.2,0.9,0.204,1.7,3.2,0.527,0.477,0.9,1.3,0.648,1.2,1.8,3.0,1.2,0.9,0.3,0.6,1.2,4.8
733,Isaiah Todd,PF,12,6.2,0.6,2.2,0.269,0.3,1.3,0.25,0.3,0.8,0.3,0.346,0.2,0.5,0.333,0.3,0.8,1.0,0.3,0.3,0.2,0.3,0.3,1.7
734,Obi Toppin,PF,72,17.1,3.5,6.6,0.531,0.7,2.3,0.308,2.8,4.2,0.655,0.586,1.3,1.7,0.758,1.0,2.8,3.7,1.1,0.3,0.5,0.8,1.4,9.0
735,Juan Toscano-Anderson,SF,73,13.6,1.6,3.2,0.489,0.4,1.2,0.322,1.2,2.0,0.588,0.549,0.5,1.0,0.571,0.4,2.0,2.4,1.7,0.7,0.2,0.9,1.6,4.1
736,Karl-Anthony Towns,C,74,33.5,8.7,16.4,0.529,2.0,4.9,0.41,6.6,11.5,0.58,0.591,5.2,6.3,0.822,2.6,7.2,9.8,3.6,1.0,1.1,3.1,3.6,24.6
737,Gary Trent Jr.,SG,70,35.0,6.4,15.5,0.414,3.0,7.8,0.383,3.4,7.7,0.445,0.511,2.5,2.9,0.853,0.4,2.4,2.7,2.0,1.7,0.3,1.0,2.1,18.3
738,P.J. Tucker,PF,71,27.9,2.9,6.0,0.484,1.1,2.7,0.415,1.8,3.3,0.54,0.577,0.6,0.9,0.738,1.4,4.0,5.5,2.1,0.8,0.2,0.9,2.3,7.6
742,Myles Turner,C,42,29.4,4.8,9.4,0.509,1.5,4.4,0.333,3.3,5.0,0.662,0.587,1.9,2.5,0.752,1.5,5.5,7.1,1.0,0.7,2.8,1.3,2.8,12.9
743,Jonas Valan?i?nas,C,74,30.3,6.9,12.7,0.544,0.8,2.1,0.361,6.1,10.5,0.581,0.574,3.2,3.9,0.82,3.1,8.3,11.4,2.6,0.6,0.8,2.4,3.3,17.8
744,Denzel Valentine,SG,24,9.3,1.0,2.8,0.379,0.8,2.0,0.404,0.3,0.8,0.316,0.523,0.0,0.0,0.0,0.4,1.4,1.8,0.5,0.3,0.0,0.5,0.8,2.9
747,Jarred Vanderbilt,PF,74,25.4,2.9,4.9,0.587,0.0,0.2,0.143,2.8,4.7,0.605,0.59,1.2,1.8,0.656,2.9,5.5,8.4,1.3,1.3,0.6,1.0,2.4,6.9
748,Fred VanVleet,PG,65,37.9,6.8,16.9,0.403,3.7,9.9,0.377,3.1,7.0,0.44,0.513,3.0,3.4,0.874,0.7,3.8,4.4,6.7,1.7,0.5,2.6,2.5,20.3
749,Devin Vassell,SF,71,27.3,4.6,10.8,0.427,1.9,5.4,0.361,2.7,5.4,0.492,0.516,1.2,1.4,0.838,0.6,3.7,4.3,1.9,1.1,0.6,0.8,2.0,12.3
750,Gabe Vincent,PG,68,23.4,3.1,7.5,0.417,1.8,4.8,0.368,1.4,2.8,0.5,0.533,0.6,0.8,0.815,0.3,1.5,1.9,3.1,0.9,0.2,1.4,2.3,8.7
751,Nikola Vu?evi?,C,73,33.1,7.5,15.8,0.473,1.4,4.5,0.314,6.1,11.3,0.537,0.518,1.3,1.7,0.76,1.9,9.1,11.0,3.2,1.0,1.0,1.9,2.5,17.6
752,Dean Wade,PF,51,19.2,1.9,4.3,0.456,1.0,2.8,0.359,0.9,1.5,0.64,0.574,0.4,0.6,0.667,0.6,2.3,2.9,1.0,0.6,0.1,0.3,1.7,5.3
753,Franz Wagner,SF,79,30.7,5.8,12.3,0.468,1.2,3.4,0.354,4.6,8.9,0.511,0.517,2.4,2.8,0.863,1.1,3.4,4.5,2.9,0.9,0.4,1.5,2.1,15.2
754,Moritz Wagner,C,63,15.2,3.1,6.3,0.497,1.0,3.2,0.328,2.1,3.1,0.672,0.581,1.7,2.0,0.806,0.7,3.0,3.7,1.4,0.3,0.2,0.9,2.0,9.0
755,Ish Wainright,PF,45,8.0,0.9,2.3,0.394,0.4,1.3,0.322,0.5,1.0,0.489,0.486,0.2,0.3,0.583,0.6,0.6,1.2,0.3,0.4,0.1,0.3,1.1,2.4
756,Kemba Walker,PG,37,25.6,4.0,10.0,0.403,2.0,5.4,0.367,2.1,4.6,0.444,0.501,1.6,1.9,0.845,0.4,2.6,3.0,3.5,0.7,0.2,1.3,1.0,11.6
757,Lonnie Walker IV,SG,70,23.0,4.4,10.9,0.407,1.6,5.0,0.314,2.9,5.9,0.487,0.48,1.7,2.1,0.784,0.3,2.3,2.6,2.2,0.6,0.3,1.0,1.4,12.1
761,Brad Wanamaker,PG,23,13.9,1.2,3.3,0.364,0.2,0.7,0.235,1.0,2.6,0.4,0.39,1.0,1.1,0.92,0.3,1.4,1.7,2.4,0.3,0.3,1.0,2.0,3.6
764,Duane Washington Jr.,PG,48,20.2,3.6,8.9,0.405,1.7,4.5,0.377,1.9,4.4,0.434,0.5,1.0,1.3,0.754,0.1,1.6,1.7,1.8,0.5,0.1,1.2,1.4,9.9
765,P.J. Washington,PF,65,27.2,3.8,8.2,0.47,1.7,4.6,0.365,2.2,3.6,0.606,0.573,0.9,1.2,0.716,1.3,3.9,5.2,2.3,0.9,0.9,1.3,2.3,10.3
766,Yuta Watanabe,SF,38,11.7,1.5,3.6,0.406,0.7,2.1,0.342,0.8,1.6,0.492,0.504,0.6,1.1,0.6,0.5,1.9,2.4,0.6,0.3,0.4,0.5,1.0,4.3
767,Lindy Waters III,SG,25,18.6,2.8,7.0,0.406,2.1,5.8,0.363,0.7,1.2,0.621,0.557,0.2,0.2,0.8,0.2,2.7,2.9,1.0,0.8,0.3,0.4,1.2,8.0
771,Trendon Watford,SF,48,18.1,3.0,5.6,0.532,0.2,0.8,0.237,2.8,4.8,0.581,0.549,1.5,2.0,0.755,1.2,3.0,4.1,1.7,0.5,0.6,0.9,2.4,7.6
773,Quinndary Weatherspoon,SG,11,6.6,1.1,1.9,0.571,0.1,0.5,0.2,1.0,1.5,0.688,0.595,0.5,0.5,1.0,0.2,1.1,1.3,0.5,0.1,0.1,0.3,1.4,2.7
774,Russell Westbrook,PG,78,34.3,7.0,15.8,0.444,1.0,3.4,0.298,6.0,12.4,0.485,0.476,3.4,5.1,0.667,1.4,6.0,7.4,7.1,1.0,0.3,3.8,3.0,18.5
775,Coby White,PG,61,27.5,4.6,10.6,0.433,2.2,5.8,0.385,2.3,4.8,0.491,0.539,1.3,1.5,0.857,0.3,2.7,3.0,2.9,0.5,0.2,1.1,2.2,12.7
776,Derrick White,SG,75,29.3,4.5,10.7,0.421,1.5,4.9,0.312,3.0,5.7,0.515,0.493,2.7,3.1,0.864,0.5,3.0,3.5,4.9,0.9,0.8,1.6,2.3,13.2
779,Hassan Whiteside,C,65,17.9,3.3,5.1,0.652,0.0,0.0,0.0,3.3,5.1,0.652,0.652,1.6,2.6,0.623,2.6,5.0,7.6,0.4,0.3,1.6,0.8,2.8,8.2
780,Joe Wieskamp,SG,29,7.1,0.7,1.9,0.357,0.5,1.5,0.326,0.2,0.4,0.462,0.482,0.2,0.4,0.538,0.1,0.3,0.5,0.3,0.1,0.1,0.1,0.5,2.1
781,Aaron Wiggins,SG,50,24.2,3.1,6.7,0.463,0.8,2.8,0.304,2.3,4.0,0.573,0.525,1.2,1.7,0.729,1.0,2.5,3.6,1.4,0.6,0.2,1.1,1.9,8.3
782,Andrew Wiggins,SF,73,31.9,6.5,14.0,0.466,2.2,5.5,0.393,4.4,8.5,0.513,0.543,2.0,3.2,0.634,1.2,3.3,4.5,2.2,1.0,0.7,1.5,2.2,17.2
783,Lindell Wigginton,PG,19,10.5,1.4,3.2,0.426,0.5,1.4,0.346,0.9,1.8,0.486,0.5,1.0,1.8,0.543,0.2,1.2,1.3,1.2,0.3,0.1,0.6,0.9,4.2
784,Brandon Williams,PG,24,26.7,4.4,11.8,0.372,1.3,4.4,0.292,3.1,7.3,0.42,0.427,2.8,4.0,0.701,0.8,2.3,3.1,3.9,1.0,0.4,2.4,2.2,12.9
785,Grant Williams,PF,77,24.4,2.7,5.6,0.475,1.4,3.4,0.411,1.3,2.3,0.569,0.597,1.1,1.2,0.905,0.8,2.7,3.6,1.0,0.5,0.7,0.8,2.4,7.8
786,Kenrich Williams,SF,49,21.9,3.0,6.5,0.461,0.8,2.5,0.339,2.1,4.0,0.536,0.525,0.6,1.1,0.545,1.5,3.0,4.5,2.2,0.9,0.2,0.9,1.7,7.4
787,Lou Williams,PG,56,14.3,2.2,5.7,0.391,0.7,1.8,0.363,1.6,3.9,0.404,0.448,1.2,1.4,0.859,0.3,1.3,1.6,1.9,0.5,0.1,0.8,0.9,6.3
788,Patrick Williams,PF,17,24.8,3.2,6.0,0.529,0.9,1.7,0.517,2.3,4.3,0.534,0.603,1.8,2.4,0.732,1.0,3.1,4.1,0.9,0.5,0.5,0.9,1.6,9.0
789,Robert Williams,C,61,29.6,4.4,6.0,0.736,0.0,0.0,0.0,4.4,6.0,0.738,0.736,1.1,1.5,0.722,3.9,5.7,9.6,2.0,0.9,2.2,1.0,2.2,10.0
790,Ziaire Williams,SF,62,21.7,3.1,6.8,0.45,1.2,3.9,0.314,1.9,2.9,0.632,0.54,0.7,0.9,0.782,0.4,1.7,2.1,1.0,0.6,0.2,0.7,1.8,8.1
792,Dylan Windler,SF,50,9.2,0.7,2.0,0.378,0.4,1.4,0.3,0.3,0.6,0.571,0.485,0.3,0.4,0.833,0.4,1.4,1.8,0.7,0.3,0.1,0.3,0.9,2.2
793,Justise Winslow,SF,48,16.1,2.3,5.4,0.428,0.3,1.4,0.227,2.0,4.0,0.497,0.457,0.8,1.4,0.591,1.0,3.2,4.2,1.8,0.7,0.5,1.0,1.4,5.7
797,Christian Wood,C,68,30.8,6.5,12.9,0.501,1.9,4.9,0.39,4.5,8.0,0.57,0.576,3.0,4.9,0.623,1.6,8.5,10.1,2.3,0.8,1.0,1.9,2.5,17.9
798,Robert Woodard II,SF,12,3.5,0.2,1.3,0.125,0.1,0.3,0.25,0.1,1.0,0.083,0.156,0.2,0.2,1.0,0.4,0.5,0.9,0.3,0.1,0.1,0.1,0.3,0.6
799,Delon Wright,SG,77,18.9,1.6,3.5,0.454,0.6,1.5,0.379,1.0,2.0,0.51,0.535,0.7,0.8,0.857,0.6,2.2,2.9,2.4,1.2,0.2,0.6,0.7,4.4
805,Thaddeus Young,PF,52,16.3,2.7,5.2,0.518,0.3,0.9,0.354,2.4,4.3,0.554,0.55,0.4,0.9,0.469,1.5,2.5,4.0,2.0,1.0,0.3,1.0,1.6,6.2
808,Trae Young,PG,76,34.9,9.4,20.3,0.46,3.1,8.0,0.382,6.3,12.3,0.512,0.536,6.6,7.3,0.904,0.7,3.1,3.7,9.7,0.9,0.1,4.0,1.7,28.4
809,Omer Yurtseven,C,56,12.6,2.3,4.4,0.526,0.0,0.2,0.091,2.3,4.2,0.547,0.528,0.7,1.1,0.623,1.5,3.7,5.3,0.9,0.3,0.4,0.7,1.5,5.3
810,Cody Zeller,C,27,13.1,1.9,3.3,0.567,0.0,0.1,0.0,1.9,3.2,0.593,0.567,1.4,1.8,0.776,1.9,2.8,4.6,0.8,0.3,0.2,0.7,2.1,5.2
811,Ivica Zubac,C,76,24.4,4.1,6.5,0.626,0.0,0.0,0.0,4.1,6.5,0.626,0.626,2.2,3.0,0.727,2.9,5.6,8.5,1.6,0.5,1.0,1.5,2.7,10.3
